<?xml version="1.0" encoding="UTF-8"?>
<rss version="2.0" xmlns:atom="http://www.w3.org/2005/Atom">
  <channel>
    <title>Your Blog</title>
    <description></description>
    <link>https://tvxl.top/</link>
    <atom:link href="https://tvxl.top/feed.xml" rel="self" type="application/rss+xml" />
    <pubDate>Tue, 21 Oct 2025 11:42:20 +0800</pubDate>
    <lastBuildDate>Tue, 21 Oct 2025 11:42:20 +0800</lastBuildDate>
    <generator>Jekyll v4.4.1</generator>
    
      <item>
        <title>Welcome to Jekyll!</title>
        <description>&lt;p&gt;You’ll find this post in your &lt;code class=&quot;language-plaintext highlighter-rouge&quot;&gt;_posts&lt;/code&gt; directory. Go ahead and edit it and re-build the site to see your changes. You can rebuild the site in many different ways, but the most common way is to run &lt;code class=&quot;language-plaintext highlighter-rouge&quot;&gt;jekyll serve&lt;/code&gt;, which launches a web server and auto-regenerates your site when a file is updated.&lt;/p&gt;

&lt;p&gt;Jekyll requires blog post files to be named according to the following format:&lt;/p&gt;

&lt;p&gt;&lt;code class=&quot;language-plaintext highlighter-rouge&quot;&gt;YEAR-MONTH-DAY-title.MARKUP&lt;/code&gt;&lt;/p&gt;

&lt;p&gt;Where &lt;code class=&quot;language-plaintext highlighter-rouge&quot;&gt;YEAR&lt;/code&gt; is a four-digit number, &lt;code class=&quot;language-plaintext highlighter-rouge&quot;&gt;MONTH&lt;/code&gt; and &lt;code class=&quot;language-plaintext highlighter-rouge&quot;&gt;DAY&lt;/code&gt; are both two-digit numbers, and &lt;code class=&quot;language-plaintext highlighter-rouge&quot;&gt;MARKUP&lt;/code&gt; is the file extension representing the format used in the file. After that, include the necessary front matter. Take a look at the source for this post to get an idea about how it works.&lt;/p&gt;

&lt;p&gt;Jekyll also offers powerful support for code snippets:&lt;/p&gt;

&lt;figure class=&quot;highlight&quot;&gt;&lt;pre&gt;&lt;code class=&quot;language-ruby&quot; data-lang=&quot;ruby&quot;&gt;&lt;span class=&quot;k&quot;&gt;def&lt;/span&gt; &lt;span class=&quot;nf&quot;&gt;print_hi&lt;/span&gt;&lt;span class=&quot;p&quot;&gt;(&lt;/span&gt;&lt;span class=&quot;nb&quot;&gt;name&lt;/span&gt;&lt;span class=&quot;p&quot;&gt;)&lt;/span&gt;
  &lt;span class=&quot;nb&quot;&gt;puts&lt;/span&gt; &lt;span class=&quot;s2&quot;&gt;&quot;Hi, &lt;/span&gt;&lt;span class=&quot;si&quot;&gt;#{&lt;/span&gt;&lt;span class=&quot;nb&quot;&gt;name&lt;/span&gt;&lt;span class=&quot;si&quot;&gt;}&lt;/span&gt;&lt;span class=&quot;s2&quot;&gt;&quot;&lt;/span&gt;
&lt;span class=&quot;k&quot;&gt;end&lt;/span&gt;
&lt;span class=&quot;n&quot;&gt;print_hi&lt;/span&gt;&lt;span class=&quot;p&quot;&gt;(&lt;/span&gt;&lt;span class=&quot;s1&quot;&gt;&apos;Tom&apos;&lt;/span&gt;&lt;span class=&quot;p&quot;&gt;)&lt;/span&gt;
&lt;span class=&quot;c1&quot;&gt;#=&amp;gt; prints &apos;Hi, Tom&apos; to STDOUT.&lt;/span&gt;&lt;/code&gt;&lt;/pre&gt;&lt;/figure&gt;

&lt;p&gt;Check out the &lt;a href=&quot;https://jekyllrb.com/docs/home&quot;&gt;Jekyll docs&lt;/a&gt; for more info on how to get the most out of Jekyll. File all bugs/feature requests at &lt;a href=&quot;https://github.com/jekyll/jekyll&quot;&gt;Jekyll’s GitHub repo&lt;/a&gt;. If you have questions, you can ask them on &lt;a href=&quot;https://talk.jekyllrb.com/&quot;&gt;Jekyll Talk&lt;/a&gt;.&lt;/p&gt;

</description>
        <pubDate>Tue, 21 Oct 2025 10:49:04 +0800</pubDate>
        <link>https://tvxl.top/jekyll/update/2025/10/21/welcome-to-jekyll/</link>
        <guid isPermaLink="true">https://tvxl.top/jekyll/update/2025/10/21/welcome-to-jekyll/</guid>
        
        
        <category>jekyll</category>
        
        <category>update</category>
        
      </item>
    
      <item>
        <title>Example Post</title>
        <description>&lt;p&gt;JavaScript 有着很奇怪的命名史。&lt;/p&gt;

&lt;p&gt;1995 年，它作为网景浏览器（Netscape Navigator）的一部分首次发布，网景给这个新语言命名为 LiveScript。一年后，为了搭上当时媒体热炒 Java 的顺风车，临时改名为了 JavaScript &lt;em&gt;（当然，Java 和 JavaScript 的关系，就和雷锋和雷锋塔一样 —— 并没有什么关系）&lt;/em&gt;&lt;/p&gt;

&lt;p&gt;&lt;img src=&quot;/img/in-post/post-js-version/javascript-java.jpg&quot; alt=&quot;java-javascript&quot; /&gt;
&lt;small class=&quot;img-hint&quot;&gt;歪果仁的笑话怎么一点都不好笑&lt;/small&gt;&lt;/p&gt;

&lt;blockquote&gt;
  &lt;p&gt;译者注：&lt;a href=&quot;https://en.wikipedia.org/wiki/JavaScript#History&quot;&gt;wikipedia 的 JavaScript 词条&lt;/a&gt; 更详细的叙述了这段历史&lt;/p&gt;
&lt;/blockquote&gt;

&lt;p&gt;1996 年，网景将 JavaScript 提交给 &lt;a href=&quot;http://www.ecma-international.org/&quot;&gt;ECMA International（欧洲计算机制造商协会）&lt;/a&gt; 进行标准化，并最终确定出新的语言标准，它就是 ECMAScript。自此，ECMAScript 成为所有 JavaScript 实现的基础，不过，由于 JavaScript 名字的历史原因和市场原因（很显然 ECMAScript 这个名字并不令人喜欢……），现实中我们只用 ECMAScript 称呼标准，平时都还是使用 JavaScript 来称呼这个语言。&lt;/p&gt;

&lt;blockquote&gt;
  &lt;p&gt;术语（译者注）：&lt;/p&gt;

  &lt;ul&gt;
    &lt;li&gt;&lt;em&gt;标准（Standard）&lt;/em&gt;： 用于定义与其他事物区别的一套规则&lt;/li&gt;
    &lt;li&gt;&lt;em&gt;实现（Implementation）&lt;/em&gt;： 某个标准的具体实施/真实实践&lt;/li&gt;
  &lt;/ul&gt;
&lt;/blockquote&gt;

&lt;p&gt;不过，JavaScript 开发者们并不怎么在乎这些，因为在诞生之后的 15 年里，ECMAScript 并没有多少变化，而且现实中的很多实现都已经和标准大相径庭。其实在第一版的 ECMAScript 发布后，很快又跟进发布了两个版本，但是自从 1999 年 ECMAScript 3 发布后，十年内都没有任何改动被成功添加到官方规范里。取而代之的，是各大浏览器厂商们争先进行自己的语言拓展，web 开发者们别无选择只能去尝试并且支持这些 API。即使是在 2009 年 ECMAScript 5 发布之后，仍然用了数年这些新规范才得到了浏览器的广泛支持，可是大部分开发者还是写着 ECMAScript 3 风格的代码，并不觉得有必要去了解这些规范。&lt;/p&gt;

&lt;blockquote&gt;
  &lt;p&gt;译者注：&lt;a href=&quot;https://en.wikipedia.org/wiki/ECMAScript#4th_Edition_.28abandoned.29&quot;&gt;ECMAScript 第四版草案&lt;/a&gt;由于太过激进而被抛弃，Adobe 的 &lt;a href=&quot;https://en.wikipedia.org/wiki/ActionScript&quot;&gt;ActionScript 3.0&lt;/a&gt; 是 ECMAScript edition 4 的唯一实现（ Flash 差点就统一 Web 了）&lt;/p&gt;
&lt;/blockquote&gt;

&lt;p&gt;到了 2012 年，事情突然开始有了转变。大家开始推动停止对旧版本 IE 浏览器的支持，用 ECMAScript 5 (ES5) 风格来编写代码也变得更加可行。与此同时，一个新的 ECMAScript 规范也开始启动。到了这时，大家开始逐渐习惯以对 ECMAScript 规范的版本支持程度来形容各种 JavaScript 实现。在正式被指名为 ECMAScript 第 6 版 (ES6) 之前，这个新的标准原本被称为 ES.Harmony（和谐）。2015 年，负责制定 ECMAScript 规范草案的委员会 TC39 决定将定义新标准的制度改为一年一次，这意味着每个新特性一旦被批准就可以添加，而不像以往一样，规范只有在整个草案完成，所有特性都没问题后才能被定稿。因此，ECMAScript 第 6 版在六月份公布之前，又被重命名为了 ECMAScript 2015（ES2015）&lt;/p&gt;

&lt;p&gt;目前，仍然有很多新的 JavaScript 特性或语法正在提议中，包括 &lt;a href=&quot;https://github.com/wycats/javascript-decorators&quot;&gt;decorators（装饰者）&lt;/a&gt;，&lt;a href=&quot;https://github.com/lukehoban/ecmascript-asyncawait&quot;&gt;async-await（async-await 异步编程模型）&lt;/a&gt; 和 &lt;a href=&quot;https://github.com/jeffmo/es-class-properties&quot;&gt;static class properties（静态类属性）&lt;/a&gt;。它们通常被称为 ES7，ES2016 或者 ES.Next 的特性，不过实际上它们只能被称作提案或者说可能性，毕竟 ES2016 的规范还没有完成，有可能全部都会引入，也有可能一个都没有。TC39 把一个提案分为 4 个阶段，你可以在 &lt;a href=&quot;https://babeljs.io/docs/usage/experimental/&quot;&gt;Babel 的官网&lt;/a&gt; 上查看各个提案目前都在哪个阶段了。&lt;/p&gt;

&lt;p&gt;所以，我们该如何使用这一大堆术语呢？下面的列表或许能帮助到你：&lt;/p&gt;

&lt;ul&gt;
  &lt;li&gt;&lt;strong&gt;ECMAScript&lt;/strong&gt;：一个由 ECMA International 进行标准化，TC39 委员会进行监督的语言。通常用于指代标准本身。&lt;/li&gt;
  &lt;li&gt;&lt;strong&gt;JavaScript&lt;/strong&gt;：ECMAScript 标准的各种实现的最常用称呼。这个术语并不局限于某个特定版本的 ECMAScript 规范，并且可能被用于任何不同程度的任意版本的 ECMAScript 的实现。&lt;/li&gt;
  &lt;li&gt;&lt;strong&gt;ECMAScript 5 (ES5)&lt;/strong&gt;：ECMAScript 的第五版修订，于 2009 年完成标准化。这个规范在所有现代浏览器中都相当完全的实现了。&lt;/li&gt;
  &lt;li&gt;&lt;strong&gt;ECMAScript 6 (ES6) / ECMAScript 2015 (ES2015)&lt;/strong&gt;：ECMAScript 的第六版修订，于 2015 年完成标准化。这个标准被部分实现于大部分现代浏览器。可以查阅&lt;a href=&quot;http://kangax.github.io/compat-table/es6/&quot;&gt;这张兼容性表&lt;/a&gt;来查看不同浏览器和工具的实现情况。&lt;/li&gt;
  &lt;li&gt;&lt;strong&gt;ECMAScript 2016&lt;/strong&gt;：预计的第七版 ECMAScript 修订，计划于明年夏季发布。这份规范具体将包含哪些特性还没有最终确定&lt;/li&gt;
  &lt;li&gt;&lt;strong&gt;ECMAScript Proposals&lt;/strong&gt;：被考虑加入未来版本 ECMAScript 标准的特性与语法提案，他们需要经历五个阶段：Strawman（稻草人），Proposal（提议），Draft（草案），Candidate（候选）以及 Finished （完成）。&lt;/li&gt;
&lt;/ul&gt;

&lt;p&gt;在这整个 Blog 中，我将把目前的 ECMAScript 版本称作 ES6（因为这是大部分开发者最习以为常的），把明年的规范称作 ES2016（因为，与 ES6/ES2015 不同，这个名字将在整个标准化过程中沿用）并且将那些还没有成为 ECMAScript 定稿或草案的未来语言概念称为 ECMAScript 提案或者 JavaScript 提案。我将尽我所能在任何可能引起困惑的场合沿用这篇文章。&lt;/p&gt;

&lt;h4 id=&quot;一些资源&quot;&gt;一些资源&lt;/h4&gt;

&lt;ul&gt;
  &lt;li&gt;TC39 的 &lt;a href=&quot;https://github.com/tc39/ecma262&quot;&gt;Github 仓库&lt;/a&gt;上可以看到所有目前公开的提案&lt;/li&gt;
  &lt;li&gt;如果你还不熟悉 ES6，Babel 有一个&lt;a href=&quot;https://babeljs.io/docs/learn-es2015/&quot;&gt;很不错的特性概览&lt;/a&gt;&lt;/li&gt;
  &lt;li&gt;如果你希望深入 ES6，这里有两本很不错的书： Axel Rauschmayer 的 &lt;a href=&quot;http://exploringjs.com/&quot;&gt;Exploring ES6&lt;/a&gt;和 Nicholas Zakas 的 &lt;a href=&quot;https://leanpub.com/understandinges6&quot;&gt;Understanding ECMAScript 6&lt;/a&gt;。Axel 的博客 &lt;a href=&quot;http://www.2ality.com/&quot;&gt;2ality&lt;/a&gt; 也是很不错的 ES6 资源&lt;/li&gt;
&lt;/ul&gt;

&lt;p&gt;&lt;img class=&quot;shadow&quot; width=&quot;320&quot; src=&quot;/img/in-post/post-js-version/keep-calm-and-learn-javascript.png&quot; /&gt;
&lt;small class=&quot;img-hint&quot;&gt;来学 JavaScript 吧！&lt;/small&gt;&lt;/p&gt;

&lt;h4 id=&quot;著作权声明&quot;&gt;著作权声明&lt;/h4&gt;

&lt;p&gt;本文译自 &lt;a href=&quot;http://benmccormick.org/2015/09/14/es5-es6-es2016-es-next-whats-going-on-with-javascript-versioning/&quot;&gt;ES5, ES6, ES2016, ES.Next: What’s going on with JavaScript versioning?&lt;/a&gt; &lt;br /&gt;
译者 &lt;a href=&quot;http://weibo.com/huxpro&quot;&gt;黄玄&lt;/a&gt;，首次发布于 &lt;a href=&quot;http://huangxuan.me&quot;&gt;Hux Blog&lt;/a&gt;，转载请保留以上链接&lt;/p&gt;
</description>
        <pubDate>Tue, 22 Sep 2015 00:00:00 +0800</pubDate>
        <link>https://tvxl.top/2015/09/22/js-version/</link>
        <guid isPermaLink="true">https://tvxl.top/2015/09/22/js-version/</guid>
        
        <category>前端开发</category>
        
        <category>JavaScript</category>
        
        <category>翻译</category>
        
        
      </item>
    
      <item>
        <title>Example Post using Keynote Layout</title>
        <description>&lt;blockquote&gt;
  &lt;p&gt;下滑这里查看更多内容&lt;/p&gt;
&lt;/blockquote&gt;

&lt;p&gt;7月9日，我在公司内部进行了名为「JavaScript 模块化七日谈」分享，并将该 Slides 分享到了微博上。出乎意料地，这篇微博先后被 @JS小组 @尤小右 @寸志 等近 200 人转发，阅读达到 10w，获得了还不错的评价。&lt;/p&gt;

&lt;p&gt;于是，我决定将它重新发到我的博客上，并为它专门制作了适用于 Keynote 展示文稿的新布局。它能自动根据屏幕大小/旋转以一定比例填充屏幕，你也可以直接点击下方链接在新页面打开，来获得更好的、沉浸式的全屏体验&lt;/p&gt;

&lt;h3 id=&quot;watch-slides-&quot;&gt;&lt;a href=&quot;http://huangxuan.me/js-module-7day&quot;&gt;Watch Slides →&lt;/a&gt;&lt;/h3&gt;

&lt;p&gt;&lt;img src=&quot;http://huangxuan.me/js-module-7day/attach/qrcode.png&quot; width=&quot;350&quot; height=&quot;350&quot; /&gt;&lt;/p&gt;

&lt;p&gt;&lt;small class=&quot;img-hint&quot;&gt;你也可以通过扫描二维码在手机上观看&lt;/small&gt;&lt;/p&gt;

&lt;p&gt;这个 Web Slides 开源在&lt;a href=&quot;https://github.com/Huxpro/js-module-7day&quot;&gt;我的 Github 上&lt;/a&gt;，欢迎你帮助我完善这个展示文稿，你可以给我提 issue，可以 fork &amp;amp; pull request。如果它能帮助到你了，希望你还能不吝啬 star 一下这个项目&lt;/p&gt;

&lt;h3 id=&quot;catalog&quot;&gt;Catalog&lt;/h3&gt;

&lt;ul&gt;
  &lt;li&gt;第一日 上古时期 &lt;strong&gt;&lt;em&gt;Module?&lt;/em&gt;&lt;/strong&gt; 从设计模式说起&lt;/li&gt;
  &lt;li&gt;第二日 石器时代 &lt;strong&gt;&lt;em&gt;Script Loader&lt;/em&gt;&lt;/strong&gt; 只有封装性可不够，我们还需要加载&lt;/li&gt;
  &lt;li&gt;第三日 蒸汽朋克 &lt;strong&gt;&lt;em&gt;Module Loader&lt;/em&gt;&lt;/strong&gt; 模块化架构的工业革命&lt;/li&gt;
  &lt;li&gt;第四日 号角吹响 &lt;strong&gt;&lt;em&gt;CommonJS&lt;/em&gt;&lt;/strong&gt; 征服世界的第一步是跳出浏览器&lt;/li&gt;
  &lt;li&gt;第五日 双塔奇兵 &lt;strong&gt;&lt;em&gt;AMD/CMD&lt;/em&gt;&lt;/strong&gt; 浏览器环境模块化方案&lt;/li&gt;
  &lt;li&gt;第六日 精灵宝钻 &lt;strong&gt;&lt;em&gt;Browserify/Webpack&lt;/em&gt;&lt;/strong&gt; 大势所趋，去掉这层包裹！&lt;/li&gt;
  &lt;li&gt;第七日 王者归来 &lt;strong&gt;&lt;em&gt;ES6 Module&lt;/em&gt;&lt;/strong&gt; 最后的战役&lt;/li&gt;
&lt;/ul&gt;

&lt;h3 id=&quot;thanks&quot;&gt;Thanks&lt;/h3&gt;

&lt;p&gt;&lt;a href=&quot;http://lab.hakim.se/reveal-js&quot;&gt;Reveal.js&lt;/a&gt;&lt;/p&gt;
</description>
        <pubDate>Thu, 09 Jul 2015 00:00:00 +0800</pubDate>
        <link>https://tvxl.top/2015/07/09/js-module-7day/</link>
        <guid isPermaLink="true">https://tvxl.top/2015/07/09/js-module-7day/</guid>
        
        <category>前端开发</category>
        
        <category>JavaScript</category>
        
        
      </item>
    
      <item>
        <title>Example Post with Code Highlight</title>
        <description>&lt;h2 id=&quot;foreword&quot;&gt;Foreword&lt;/h2&gt;

&lt;blockquote&gt;
  &lt;p&gt;Here comes Module!&lt;/p&gt;
&lt;/blockquote&gt;

&lt;p&gt;随着网站逐渐变成「互联网应用程序」，嵌入网页的 JavaScript 代码越来越庞大，越来越复杂。网页越来越像桌面程序，需要一个团队分工协作、进度管理、单元测试……我们不得不使用软件工程的方法，来管理网页的业务逻辑。&lt;/p&gt;

&lt;p&gt;于是，JavaScript 的模块化成为迫切需求。在 ES6 Module 来临之前，JavaScript 社区提供了强大支持，尝试在现有的运行环境下，实现模块的效果。&lt;/p&gt;

&lt;hr /&gt;

&lt;h2 id=&quot;catalog&quot;&gt;Catalog&lt;/h2&gt;

&lt;ol&gt;
  &lt;li&gt;&lt;a href=&quot;#commonjs--node&quot;&gt;CommonJS &amp;amp; Node&lt;/a&gt;&lt;/li&gt;
  &lt;li&gt;&lt;a href=&quot;#history&quot;&gt;History&lt;/a&gt;&lt;/li&gt;
  &lt;li&gt;&lt;a href=&quot;#requirejs--amd&quot;&gt;RequireJS &amp;amp; AMD&lt;/a&gt;&lt;/li&gt;
  &lt;li&gt;&lt;a href=&quot;#seajs--cmd&quot;&gt;SeaJS &amp;amp; CMD&lt;/a&gt;&lt;/li&gt;
  &lt;li&gt;&lt;a href=&quot;#amd-vs-cmd&quot;&gt;AMD vs CMD&lt;/a&gt;&lt;/li&gt;
  &lt;li&gt;&lt;a href=&quot;#webpack&quot;&gt;WebPack&lt;/a&gt;&lt;/li&gt;
&lt;/ol&gt;

&lt;h2 id=&quot;commonjs--node&quot;&gt;CommonJS &amp;amp; Node&lt;/h2&gt;

&lt;blockquote&gt;
  &lt;p&gt;Javascript: not just for browsers any more! —— CommonJS Slogen&lt;/p&gt;
&lt;/blockquote&gt;

&lt;p&gt;前端模块化的事实标准之一，2009 年 8 月，&lt;a href=&quot;http://wiki.commonjs.org/wiki/CommonJS&quot;&gt;CommonJS&lt;/a&gt; 诞生。&lt;/p&gt;

&lt;p&gt;CommonJS 本质上只是一套规范（API 定义），而 Node.js 采用并实现了部分规范，CommonJS Module 的写法也因此广泛流行。&lt;/p&gt;

&lt;p&gt;让我们看看 Node 中的实现：&lt;/p&gt;

&lt;div class=&quot;language-js highlighter-rouge&quot;&gt;&lt;div class=&quot;highlight&quot;&gt;&lt;pre class=&quot;highlight&quot;&gt;&lt;code&gt;&lt;span class=&quot;c1&quot;&gt;// 由于 Node 原生支持模块的作用域，并不需要额外的 wrapper&lt;/span&gt;
&lt;span class=&quot;c1&quot;&gt;// &quot;as though the module was wrapped in a function&quot;&lt;/span&gt;

&lt;span class=&quot;kd&quot;&gt;var&lt;/span&gt; &lt;span class=&quot;nx&quot;&gt;a&lt;/span&gt; &lt;span class=&quot;o&quot;&gt;=&lt;/span&gt; &lt;span class=&quot;nf&quot;&gt;require&lt;/span&gt;&lt;span class=&quot;p&quot;&gt;(&lt;/span&gt;&lt;span class=&quot;dl&quot;&gt;&apos;&lt;/span&gt;&lt;span class=&quot;s1&quot;&gt;./a&lt;/span&gt;&lt;span class=&quot;dl&quot;&gt;&apos;&lt;/span&gt;&lt;span class=&quot;p&quot;&gt;)&lt;/span&gt;  &lt;span class=&quot;c1&quot;&gt;// 加载模块（同步加载）&lt;/span&gt;
&lt;span class=&quot;nx&quot;&gt;a&lt;/span&gt;&lt;span class=&quot;p&quot;&gt;.&lt;/span&gt;&lt;span class=&quot;nf&quot;&gt;doSomething&lt;/span&gt;&lt;span class=&quot;p&quot;&gt;()&lt;/span&gt;         &lt;span class=&quot;c1&quot;&gt;// 等上一句执行完才会执行&lt;/span&gt;

&lt;span class=&quot;nx&quot;&gt;exports&lt;/span&gt;&lt;span class=&quot;p&quot;&gt;.&lt;/span&gt;&lt;span class=&quot;nx&quot;&gt;b&lt;/span&gt; &lt;span class=&quot;o&quot;&gt;=&lt;/span&gt; &lt;span class=&quot;kd&quot;&gt;function&lt;/span&gt;&lt;span class=&quot;p&quot;&gt;(){&lt;/span&gt; &lt;span class=&quot;c1&quot;&gt;// 暴露 b 函数接口&lt;/span&gt;
  &lt;span class=&quot;c1&quot;&gt;// do something&lt;/span&gt;
&lt;span class=&quot;p&quot;&gt;}&lt;/span&gt;
&lt;/code&gt;&lt;/pre&gt;&lt;/div&gt;&lt;/div&gt;

&lt;p&gt;&lt;code class=&quot;language-plaintext highlighter-rouge&quot;&gt;exports&lt;/code&gt;是一个内置对象，就像&lt;code class=&quot;language-plaintext highlighter-rouge&quot;&gt;require&lt;/code&gt;是一个内置加载函数一样。如果你希望直接赋值一个完整的对象或者构造函数，覆写&lt;code class=&quot;language-plaintext highlighter-rouge&quot;&gt;module.exports&lt;/code&gt;就可以了。&lt;/p&gt;

&lt;p&gt;CommonJS 前身叫 ServerJS ，&lt;strong&gt;后来希望能更加 COMMON，成为通吃各种环境的模块规范，改名为 CommonJS&lt;/strong&gt; 。CommonJS 最初只专注于 Server-side 而非浏览器环境，因此它采用了同步加载的机制，这对服务器环境（硬盘 I/O 速度）不是问题，而对浏览器环境（网速）来说并不合适。&lt;/p&gt;

&lt;p&gt;因此，各种适用于浏览器环境的模块框架与标准逐个诞生，他们的共同点是：&lt;/p&gt;

&lt;ul&gt;
  &lt;li&gt;采用异步加载（预先加载所有依赖的模块后回调执行，符合浏览器的网络环境）&lt;/li&gt;
  &lt;li&gt;虽然代码风格不同，但其实都可以看作 CommonJS Modules 语法的变体。&lt;/li&gt;
  &lt;li&gt;都在向着 &lt;strong&gt;COMMON&lt;/strong&gt; 的方向进化：&lt;strong&gt;兼容不同风格，兼容浏览器和服务器两种环境&lt;/strong&gt;&lt;/li&gt;
&lt;/ul&gt;

&lt;p&gt;本文接下来要讨论的典例是：&lt;/p&gt;

&lt;ul&gt;
  &lt;li&gt;RequireJS &amp;amp; AMD（异步加载，预执行，依赖前置。默认推荐 AMD 写法）&lt;/li&gt;
  &lt;li&gt;SeaJS &amp;amp; CMD（异步加载，懒执行，依赖就近，默认推荐 CommonJS 写法）&lt;/li&gt;
&lt;/ul&gt;

&lt;h2 id=&quot;history&quot;&gt;History&lt;/h2&gt;

&lt;!--&lt;h2 id=&quot;history&quot;&gt; History &lt;/h2&gt;--&gt;

&lt;blockquote&gt;
  &lt;p&gt;此段落参考自玉伯的 &lt;a href=&quot;https://github.com/seajs/seajs/issues/588&quot;&gt;前端模块化开发那点历史&lt;/a&gt;&lt;/p&gt;
&lt;/blockquote&gt;

&lt;p&gt;09-10 年间，CommonJS（那时还叫 ServerJS） 社区推出 &lt;a href=&quot;http://wiki.commonjs.org/wiki/Modules&quot;&gt;Modules/1.0&lt;/a&gt; 规范，并且在 Node.js 等环境下取得了很不错的实践。&lt;/p&gt;

&lt;p&gt;09年下半年这帮充满干劲的小伙子们想把 ServerJS 的成功经验进一步推广到浏览器端，于是将社区改名叫 CommonJS，同时激烈争论 Modules 的下一版规范。分歧和冲突由此诞生，逐步形成了三大流派：&lt;/p&gt;

&lt;ol&gt;
  &lt;li&gt;&lt;strong&gt;Modules/1.x&lt;/strong&gt; 流派。这个观点觉得 1.x 规范已经够用，只要移植到浏览器端就好。要做的是新增 &lt;a href=&quot;http://wiki.commonjs.org/wiki/Modules/Transport&quot;&gt;Modules/Transport&lt;/a&gt; 规范，即在浏览器上运行前，先通过转换工具将模块转换为符合 Transport 规范的代码。主流代表是服务端的开发人员。现在值得关注的有两个实现：越来越火的 component 和走在前沿的 es6 module transpiler。&lt;/li&gt;
  &lt;li&gt;&lt;strong&gt;Modules/Async&lt;/strong&gt; 流派。这个观点觉得浏览器有自身的特征，不应该直接用 Modules/1.x 规范。这个观点下的典型代表是 &lt;a href=&quot;http://wiki.commonjs.org/wiki/Modules/AsynchronousDefinition&quot;&gt;AMD&lt;/a&gt; 规范及其实现 &lt;a href=&quot;http://requirejs.org/&quot;&gt;RequireJS&lt;/a&gt;。这个稍后再细说。&lt;/li&gt;
  &lt;li&gt;&lt;strong&gt;Modules/2.0&lt;/strong&gt; 流派。这个观点觉得浏览器有自身的特征，不应该直接用 Modules/1.x 规范，但应该尽可能与 Modules/1.x 规范保持一致。这个观点下的典型代表是 BravoJS 和 FlyScript 的作者。BravoJS 作者对 CommonJS 的社区的贡献很大，这份 Modules/2.0-draft 规范花了很多心思。FlyScript 的作者提出了 Modules/Wrappings 规范，这规范是 CMD 规范的前身。可惜的是 BravoJS 太学院派，FlyScript 后来做了自我阉割，将整个网站（flyscript.org）下线了。这个观点在本文中的典型代表就是 SeaJS 和 CMD 了&lt;/li&gt;
&lt;/ol&gt;

&lt;p&gt;补一嘴：阿里 KISSY 的 KMD 其实跟 AMD 非常类似，只是用 &lt;code class=&quot;language-plaintext highlighter-rouge&quot;&gt;add&lt;/code&gt;和&lt;code class=&quot;language-plaintext highlighter-rouge&quot;&gt;use&lt;/code&gt; 两个源自于 YUI Modules 的函数名替换了 &lt;code class=&quot;language-plaintext highlighter-rouge&quot;&gt;define&lt;/code&gt; 和 &lt;code class=&quot;language-plaintext highlighter-rouge&quot;&gt;require&lt;/code&gt; ，但其原理更接近 RequireJS ，与 YUI Modules 的 &lt;code class=&quot;language-plaintext highlighter-rouge&quot;&gt;Y&lt;/code&gt; 沙箱 Attach 机制并不相同&lt;/p&gt;

&lt;h2 id=&quot;requirejs--amd&quot;&gt;RequireJS &amp;amp; AMD&lt;/h2&gt;

&lt;p&gt;&lt;a href=&quot;http://wiki.commonjs.org/wiki/Modules/AsynchronousDefinition&quot;&gt;AMD (Async Module Definition)&lt;/a&gt; 是 RequireJS 在推广过程中对模块定义的规范化产出。&lt;/p&gt;

&lt;blockquote&gt;
  &lt;p&gt;RequireJS is a JavaScript file and module loader. It is optimized for in-browser use, but it can be used in other JavaScript environments&lt;/p&gt;
&lt;/blockquote&gt;

&lt;p&gt;RequireJS 主要解决的还是 CommonJS 同步加载脚本不适合浏览器 这个问题：&lt;/p&gt;

&lt;div class=&quot;language-js highlighter-rouge&quot;&gt;&lt;div class=&quot;highlight&quot;&gt;&lt;pre class=&quot;highlight&quot;&gt;&lt;code&gt;&lt;span class=&quot;c1&quot;&gt;//CommonJS&lt;/span&gt;

&lt;span class=&quot;kd&quot;&gt;var&lt;/span&gt; &lt;span class=&quot;nx&quot;&gt;Employee&lt;/span&gt; &lt;span class=&quot;o&quot;&gt;=&lt;/span&gt; &lt;span class=&quot;nf&quot;&gt;require&lt;/span&gt;&lt;span class=&quot;p&quot;&gt;(&lt;/span&gt;&lt;span class=&quot;dl&quot;&gt;&quot;&lt;/span&gt;&lt;span class=&quot;s2&quot;&gt;types/Employee&lt;/span&gt;&lt;span class=&quot;dl&quot;&gt;&quot;&lt;/span&gt;&lt;span class=&quot;p&quot;&gt;);&lt;/span&gt;

&lt;span class=&quot;kd&quot;&gt;function&lt;/span&gt; &lt;span class=&quot;nf&quot;&gt;Programmer&lt;/span&gt; &lt;span class=&quot;p&quot;&gt;(){&lt;/span&gt;
    &lt;span class=&quot;c1&quot;&gt;//do something&lt;/span&gt;
&lt;span class=&quot;p&quot;&gt;}&lt;/span&gt;  

&lt;span class=&quot;nx&quot;&gt;Programmer&lt;/span&gt;&lt;span class=&quot;p&quot;&gt;.&lt;/span&gt;&lt;span class=&quot;nx&quot;&gt;prototype&lt;/span&gt; &lt;span class=&quot;o&quot;&gt;=&lt;/span&gt; &lt;span class=&quot;k&quot;&gt;new&lt;/span&gt; &lt;span class=&quot;nc&quot;&gt;Employee&lt;/span&gt;&lt;span class=&quot;p&quot;&gt;();&lt;/span&gt;

&lt;span class=&quot;c1&quot;&gt;//如果 require call 是异步的，那么肯定 error&lt;/span&gt;
&lt;span class=&quot;c1&quot;&gt;//因为在执行这句前 Employee 模块肯定来不及加载进来&lt;/span&gt;
&lt;/code&gt;&lt;/pre&gt;&lt;/div&gt;&lt;/div&gt;
&lt;blockquote&gt;
  &lt;p&gt;As the comment indicates above, if require() is async, this code will not work. However, loading scripts synchronously in the browser kills performance. So, what to do?&lt;/p&gt;
&lt;/blockquote&gt;

&lt;p&gt;所以我们需要 &lt;strong&gt;Function Wrapping&lt;/strong&gt; 来获取依赖并且提前通过 script tag 提前加载进来&lt;/p&gt;

&lt;div class=&quot;language-js highlighter-rouge&quot;&gt;&lt;div class=&quot;highlight&quot;&gt;&lt;pre class=&quot;highlight&quot;&gt;&lt;code&gt;&lt;span class=&quot;c1&quot;&gt;//AMD Wrapper&lt;/span&gt;

&lt;span class=&quot;nf&quot;&gt;define&lt;/span&gt;&lt;span class=&quot;p&quot;&gt;(&lt;/span&gt;
    &lt;span class=&quot;p&quot;&gt;[&lt;/span&gt;&lt;span class=&quot;nx&quot;&gt;types&lt;/span&gt;&lt;span class=&quot;o&quot;&gt;/&lt;/span&gt;&lt;span class=&quot;nx&quot;&gt;Employee&lt;/span&gt;&lt;span class=&quot;p&quot;&gt;],&lt;/span&gt;    &lt;span class=&quot;c1&quot;&gt;//依赖&lt;/span&gt;
    &lt;span class=&quot;kd&quot;&gt;function&lt;/span&gt;&lt;span class=&quot;p&quot;&gt;(&lt;/span&gt;&lt;span class=&quot;nx&quot;&gt;Employee&lt;/span&gt;&lt;span class=&quot;p&quot;&gt;){&lt;/span&gt;  &lt;span class=&quot;c1&quot;&gt;//这个回调会在所有依赖都被加载后才执行&lt;/span&gt;

        &lt;span class=&quot;kd&quot;&gt;function&lt;/span&gt; &lt;span class=&quot;nf&quot;&gt;Programmer&lt;/span&gt;&lt;span class=&quot;p&quot;&gt;(){&lt;/span&gt;
            &lt;span class=&quot;c1&quot;&gt;//do something&lt;/span&gt;
        &lt;span class=&quot;p&quot;&gt;};&lt;/span&gt;

        &lt;span class=&quot;nx&quot;&gt;Programmer&lt;/span&gt;&lt;span class=&quot;p&quot;&gt;.&lt;/span&gt;&lt;span class=&quot;nx&quot;&gt;prototype&lt;/span&gt; &lt;span class=&quot;o&quot;&gt;=&lt;/span&gt; &lt;span class=&quot;k&quot;&gt;new&lt;/span&gt; &lt;span class=&quot;nc&quot;&gt;Employee&lt;/span&gt;&lt;span class=&quot;p&quot;&gt;();&lt;/span&gt;
        &lt;span class=&quot;k&quot;&gt;return&lt;/span&gt; &lt;span class=&quot;nx&quot;&gt;Programmer&lt;/span&gt;&lt;span class=&quot;p&quot;&gt;;&lt;/span&gt;  &lt;span class=&quot;c1&quot;&gt;//return Constructor&lt;/span&gt;
    &lt;span class=&quot;p&quot;&gt;}&lt;/span&gt;
&lt;span class=&quot;p&quot;&gt;)&lt;/span&gt;
&lt;/code&gt;&lt;/pre&gt;&lt;/div&gt;&lt;/div&gt;

&lt;p&gt;当依赖模块非常多时，这种&lt;strong&gt;依赖前置&lt;/strong&gt;的写法会显得有点奇怪，所以 AMD 给了一个语法糖， &lt;strong&gt;simplified CommonJS wrapping&lt;/strong&gt;，借鉴了 CommonJS 的 require 就近风格，也更方便对 CommonJS 模块的兼容：&lt;/p&gt;

&lt;div class=&quot;language-js highlighter-rouge&quot;&gt;&lt;div class=&quot;highlight&quot;&gt;&lt;pre class=&quot;highlight&quot;&gt;&lt;code&gt;&lt;span class=&quot;nf&quot;&gt;define&lt;/span&gt;&lt;span class=&quot;p&quot;&gt;(&lt;/span&gt;&lt;span class=&quot;nf&quot;&gt;function &lt;/span&gt;&lt;span class=&quot;p&quot;&gt;(&lt;/span&gt;&lt;span class=&quot;nx&quot;&gt;require&lt;/span&gt;&lt;span class=&quot;p&quot;&gt;)&lt;/span&gt; &lt;span class=&quot;p&quot;&gt;{&lt;/span&gt;
    &lt;span class=&quot;kd&quot;&gt;var&lt;/span&gt; &lt;span class=&quot;nx&quot;&gt;dependency1&lt;/span&gt; &lt;span class=&quot;o&quot;&gt;=&lt;/span&gt; &lt;span class=&quot;nf&quot;&gt;require&lt;/span&gt;&lt;span class=&quot;p&quot;&gt;(&lt;/span&gt;&lt;span class=&quot;dl&quot;&gt;&apos;&lt;/span&gt;&lt;span class=&quot;s1&quot;&gt;dependency1&lt;/span&gt;&lt;span class=&quot;dl&quot;&gt;&apos;&lt;/span&gt;&lt;span class=&quot;p&quot;&gt;),&lt;/span&gt;
        &lt;span class=&quot;nx&quot;&gt;dependency2&lt;/span&gt; &lt;span class=&quot;o&quot;&gt;=&lt;/span&gt; &lt;span class=&quot;nf&quot;&gt;require&lt;/span&gt;&lt;span class=&quot;p&quot;&gt;(&lt;/span&gt;&lt;span class=&quot;dl&quot;&gt;&apos;&lt;/span&gt;&lt;span class=&quot;s1&quot;&gt;dependency2&lt;/span&gt;&lt;span class=&quot;dl&quot;&gt;&apos;&lt;/span&gt;&lt;span class=&quot;p&quot;&gt;);&lt;/span&gt;

    &lt;span class=&quot;k&quot;&gt;return&lt;/span&gt; &lt;span class=&quot;nf&quot;&gt;function &lt;/span&gt;&lt;span class=&quot;p&quot;&gt;()&lt;/span&gt; &lt;span class=&quot;p&quot;&gt;{};&lt;/span&gt;
&lt;span class=&quot;p&quot;&gt;});&lt;/span&gt;
&lt;/code&gt;&lt;/pre&gt;&lt;/div&gt;&lt;/div&gt;
&lt;p&gt;The AMD loader will parse out the &lt;code class=&quot;language-plaintext highlighter-rouge&quot;&gt;require(&apos;&apos;)&lt;/code&gt; calls by using &lt;code class=&quot;language-plaintext highlighter-rouge&quot;&gt;Function.prototype.toString()&lt;/code&gt;, then internally convert the above define call into this:&lt;/p&gt;

&lt;div class=&quot;language-js highlighter-rouge&quot;&gt;&lt;div class=&quot;highlight&quot;&gt;&lt;pre class=&quot;highlight&quot;&gt;&lt;code&gt;&lt;span class=&quot;nf&quot;&gt;define&lt;/span&gt;&lt;span class=&quot;p&quot;&gt;([&lt;/span&gt;&lt;span class=&quot;dl&quot;&gt;&apos;&lt;/span&gt;&lt;span class=&quot;s1&quot;&gt;require&lt;/span&gt;&lt;span class=&quot;dl&quot;&gt;&apos;&lt;/span&gt;&lt;span class=&quot;p&quot;&gt;,&lt;/span&gt; &lt;span class=&quot;dl&quot;&gt;&apos;&lt;/span&gt;&lt;span class=&quot;s1&quot;&gt;dependency1&lt;/span&gt;&lt;span class=&quot;dl&quot;&gt;&apos;&lt;/span&gt;&lt;span class=&quot;p&quot;&gt;,&lt;/span&gt; &lt;span class=&quot;dl&quot;&gt;&apos;&lt;/span&gt;&lt;span class=&quot;s1&quot;&gt;dependency2&lt;/span&gt;&lt;span class=&quot;dl&quot;&gt;&apos;&lt;/span&gt;&lt;span class=&quot;p&quot;&gt;],&lt;/span&gt; &lt;span class=&quot;nf&quot;&gt;function &lt;/span&gt;&lt;span class=&quot;p&quot;&gt;(&lt;/span&gt;&lt;span class=&quot;nx&quot;&gt;require&lt;/span&gt;&lt;span class=&quot;p&quot;&gt;)&lt;/span&gt; &lt;span class=&quot;p&quot;&gt;{&lt;/span&gt;
    &lt;span class=&quot;kd&quot;&gt;var&lt;/span&gt; &lt;span class=&quot;nx&quot;&gt;dependency1&lt;/span&gt; &lt;span class=&quot;o&quot;&gt;=&lt;/span&gt; &lt;span class=&quot;nf&quot;&gt;require&lt;/span&gt;&lt;span class=&quot;p&quot;&gt;(&lt;/span&gt;&lt;span class=&quot;dl&quot;&gt;&apos;&lt;/span&gt;&lt;span class=&quot;s1&quot;&gt;dependency1&lt;/span&gt;&lt;span class=&quot;dl&quot;&gt;&apos;&lt;/span&gt;&lt;span class=&quot;p&quot;&gt;),&lt;/span&gt;
        &lt;span class=&quot;nx&quot;&gt;dependency2&lt;/span&gt; &lt;span class=&quot;o&quot;&gt;=&lt;/span&gt; &lt;span class=&quot;nf&quot;&gt;require&lt;/span&gt;&lt;span class=&quot;p&quot;&gt;(&lt;/span&gt;&lt;span class=&quot;dl&quot;&gt;&apos;&lt;/span&gt;&lt;span class=&quot;s1&quot;&gt;dependency2&lt;/span&gt;&lt;span class=&quot;dl&quot;&gt;&apos;&lt;/span&gt;&lt;span class=&quot;p&quot;&gt;);&lt;/span&gt;

    &lt;span class=&quot;k&quot;&gt;return&lt;/span&gt; &lt;span class=&quot;nf&quot;&gt;function &lt;/span&gt;&lt;span class=&quot;p&quot;&gt;()&lt;/span&gt; &lt;span class=&quot;p&quot;&gt;{};&lt;/span&gt;
&lt;span class=&quot;p&quot;&gt;});&lt;/span&gt;
&lt;/code&gt;&lt;/pre&gt;&lt;/div&gt;&lt;/div&gt;

&lt;p&gt;出于&lt;code class=&quot;language-plaintext highlighter-rouge&quot;&gt;Function.prototype.toString()&lt;/code&gt;兼容性和性能的考虑，最好的做法还是做一次 &lt;strong&gt;optimized build&lt;/strong&gt;&lt;/p&gt;

&lt;p&gt;AMD 和 CommonJS 的核心争议如下：&lt;/p&gt;

&lt;h3 id=&quot;1-执行时机&quot;&gt;1. &lt;strong&gt;执行时机&lt;/strong&gt;&lt;/h3&gt;

&lt;p&gt;Modules/1.0:&lt;/p&gt;

&lt;div class=&quot;language-js highlighter-rouge&quot;&gt;&lt;div class=&quot;highlight&quot;&gt;&lt;pre class=&quot;highlight&quot;&gt;&lt;code&gt;&lt;span class=&quot;kd&quot;&gt;var&lt;/span&gt; &lt;span class=&quot;nx&quot;&gt;a&lt;/span&gt; &lt;span class=&quot;o&quot;&gt;=&lt;/span&gt; &lt;span class=&quot;nf&quot;&gt;require&lt;/span&gt;&lt;span class=&quot;p&quot;&gt;(&lt;/span&gt;&lt;span class=&quot;dl&quot;&gt;&quot;&lt;/span&gt;&lt;span class=&quot;s2&quot;&gt;./a&lt;/span&gt;&lt;span class=&quot;dl&quot;&gt;&quot;&lt;/span&gt;&lt;span class=&quot;p&quot;&gt;)&lt;/span&gt; &lt;span class=&quot;c1&quot;&gt;// 执行到此时，a.js 才同步下载并执行&lt;/span&gt;
&lt;/code&gt;&lt;/pre&gt;&lt;/div&gt;&lt;/div&gt;

&lt;p&gt;AMD: （使用 require 的语法糖时）&lt;/p&gt;

&lt;div class=&quot;language-js highlighter-rouge&quot;&gt;&lt;div class=&quot;highlight&quot;&gt;&lt;pre class=&quot;highlight&quot;&gt;&lt;code&gt;&lt;span class=&quot;nf&quot;&gt;define&lt;/span&gt;&lt;span class=&quot;p&quot;&gt;([&lt;/span&gt;&lt;span class=&quot;dl&quot;&gt;&quot;&lt;/span&gt;&lt;span class=&quot;s2&quot;&gt;require&lt;/span&gt;&lt;span class=&quot;dl&quot;&gt;&quot;&lt;/span&gt;&lt;span class=&quot;p&quot;&gt;],&lt;/span&gt;&lt;span class=&quot;kd&quot;&gt;function&lt;/span&gt;&lt;span class=&quot;p&quot;&gt;(&lt;/span&gt;&lt;span class=&quot;nx&quot;&gt;require&lt;/span&gt;&lt;span class=&quot;p&quot;&gt;)){&lt;/span&gt;
    &lt;span class=&quot;c1&quot;&gt;// 在这里，a.js 已经下载并且执行好了&lt;/span&gt;
    &lt;span class=&quot;c1&quot;&gt;// 使用 require() 并不是 AMD 的推荐写法&lt;/span&gt;
    &lt;span class=&quot;kd&quot;&gt;var&lt;/span&gt; &lt;span class=&quot;nx&quot;&gt;a&lt;/span&gt; &lt;span class=&quot;o&quot;&gt;=&lt;/span&gt; &lt;span class=&quot;nf&quot;&gt;require&lt;/span&gt;&lt;span class=&quot;p&quot;&gt;(&lt;/span&gt;&lt;span class=&quot;dl&quot;&gt;&quot;&lt;/span&gt;&lt;span class=&quot;s2&quot;&gt;./a&lt;/span&gt;&lt;span class=&quot;dl&quot;&gt;&quot;&lt;/span&gt;&lt;span class=&quot;p&quot;&gt;)&lt;/span&gt; &lt;span class=&quot;c1&quot;&gt;// 此处仅仅是取模块 a 的 exports&lt;/span&gt;
&lt;span class=&quot;p&quot;&gt;})&lt;/span&gt;
&lt;/code&gt;&lt;/pre&gt;&lt;/div&gt;&lt;/div&gt;

&lt;p&gt;AMD 里提前下载 a.js 是出于对浏览器环境的考虑，只能采取异步下载，这个社区都认可（Sea.js 也是这么做的）&lt;/p&gt;

&lt;p&gt;但是 AMD 的执行是 Early Executing，而 Modules/1.0 是第一次 require 时才执行。这个差异很多人不能接受，包括持 Modules/2.0 观点的人也不能接受。&lt;/p&gt;

&lt;h3 id=&quot;2-书写风格&quot;&gt;2. &lt;strong&gt;书写风格&lt;/strong&gt;&lt;/h3&gt;

&lt;p&gt;AMD 推荐的风格并不使用&lt;code class=&quot;language-plaintext highlighter-rouge&quot;&gt;require&lt;/code&gt;，而是通过参数传入，破坏了&lt;strong&gt;依赖就近&lt;/strong&gt;：&lt;/p&gt;

&lt;div class=&quot;language-js highlighter-rouge&quot;&gt;&lt;div class=&quot;highlight&quot;&gt;&lt;pre class=&quot;highlight&quot;&gt;&lt;code&gt;&lt;span class=&quot;nf&quot;&gt;define&lt;/span&gt;&lt;span class=&quot;p&quot;&gt;([&lt;/span&gt;&lt;span class=&quot;dl&quot;&gt;&quot;&lt;/span&gt;&lt;span class=&quot;s2&quot;&gt;a&lt;/span&gt;&lt;span class=&quot;dl&quot;&gt;&quot;&lt;/span&gt;&lt;span class=&quot;p&quot;&gt;,&lt;/span&gt; &lt;span class=&quot;dl&quot;&gt;&quot;&lt;/span&gt;&lt;span class=&quot;s2&quot;&gt;b&lt;/span&gt;&lt;span class=&quot;dl&quot;&gt;&quot;&lt;/span&gt;&lt;span class=&quot;p&quot;&gt;,&lt;/span&gt; &lt;span class=&quot;dl&quot;&gt;&quot;&lt;/span&gt;&lt;span class=&quot;s2&quot;&gt;c&lt;/span&gt;&lt;span class=&quot;dl&quot;&gt;&quot;&lt;/span&gt;&lt;span class=&quot;p&quot;&gt;],&lt;/span&gt;&lt;span class=&quot;kd&quot;&gt;function&lt;/span&gt;&lt;span class=&quot;p&quot;&gt;(&lt;/span&gt;&lt;span class=&quot;nx&quot;&gt;a&lt;/span&gt;&lt;span class=&quot;p&quot;&gt;,&lt;/span&gt; &lt;span class=&quot;nx&quot;&gt;b&lt;/span&gt;&lt;span class=&quot;p&quot;&gt;,&lt;/span&gt; &lt;span class=&quot;nx&quot;&gt;c&lt;/span&gt;&lt;span class=&quot;p&quot;&gt;){&lt;/span&gt;
    &lt;span class=&quot;c1&quot;&gt;// 提前申明了并初始化了所有模块&lt;/span&gt;

    &lt;span class=&quot;kc&quot;&gt;true&lt;/span&gt; &lt;span class=&quot;o&quot;&gt;||&lt;/span&gt; &lt;span class=&quot;nx&quot;&gt;b&lt;/span&gt;&lt;span class=&quot;p&quot;&gt;.&lt;/span&gt;&lt;span class=&quot;nf&quot;&gt;foo&lt;/span&gt;&lt;span class=&quot;p&quot;&gt;();&lt;/span&gt; &lt;span class=&quot;c1&quot;&gt;//即便根本没用到模块 b，但 b 还是提前执行了。&lt;/span&gt;
&lt;span class=&quot;p&quot;&gt;})&lt;/span&gt;
&lt;/code&gt;&lt;/pre&gt;&lt;/div&gt;&lt;/div&gt;

&lt;p&gt;不过，在笔者看来，风格喜好因人而异，主要还是&lt;strong&gt;预执行&lt;/strong&gt;和&lt;strong&gt;懒执行&lt;/strong&gt;的差异。&lt;/p&gt;

&lt;p&gt;另外，require 2.0 也开始思考异步处理&lt;strong&gt;软依赖&lt;/strong&gt;（区别于一定需要的&lt;strong&gt;硬依赖&lt;/strong&gt;）的问题，提出了这样的方案：&lt;/p&gt;

&lt;div class=&quot;language-js highlighter-rouge&quot;&gt;&lt;div class=&quot;highlight&quot;&gt;&lt;pre class=&quot;highlight&quot;&gt;&lt;code&gt;&lt;span class=&quot;c1&quot;&gt;// 函数体内：&lt;/span&gt;
&lt;span class=&quot;k&quot;&gt;if&lt;/span&gt;&lt;span class=&quot;p&quot;&gt;(&lt;/span&gt;&lt;span class=&quot;nx&quot;&gt;status&lt;/span&gt;&lt;span class=&quot;p&quot;&gt;){&lt;/span&gt;
    &lt;span class=&quot;k&quot;&gt;async&lt;/span&gt;&lt;span class=&quot;p&quot;&gt;([&lt;/span&gt;&lt;span class=&quot;dl&quot;&gt;&apos;&lt;/span&gt;&lt;span class=&quot;s1&quot;&gt;a&lt;/span&gt;&lt;span class=&quot;dl&quot;&gt;&apos;&lt;/span&gt;&lt;span class=&quot;p&quot;&gt;],&lt;/span&gt;&lt;span class=&quot;kd&quot;&gt;function&lt;/span&gt;&lt;span class=&quot;p&quot;&gt;(&lt;/span&gt;&lt;span class=&quot;nx&quot;&gt;a&lt;/span&gt;&lt;span class=&quot;p&quot;&gt;){&lt;/span&gt;
        &lt;span class=&quot;nx&quot;&gt;a&lt;/span&gt;&lt;span class=&quot;p&quot;&gt;.&lt;/span&gt;&lt;span class=&quot;nf&quot;&gt;doSomething&lt;/span&gt;&lt;span class=&quot;p&quot;&gt;()&lt;/span&gt;
    &lt;span class=&quot;p&quot;&gt;})&lt;/span&gt;
&lt;span class=&quot;p&quot;&gt;}&lt;/span&gt;
&lt;/code&gt;&lt;/pre&gt;&lt;/div&gt;&lt;/div&gt;

&lt;h2 id=&quot;seajs--cmd&quot;&gt;SeaJS &amp;amp; CMD&lt;/h2&gt;

&lt;p&gt;CMD (Common Module Definition) 是 &lt;a href=&quot;http://seajs.org/docs/&quot;&gt;SeaJS&lt;/a&gt; 在推广过程中对模块定义的规范化产出，是 Modules/2.0 流派的支持者，因此 SeaJS 的模块写法尽可能与 Modules/1.x 规范保持一致。&lt;/p&gt;

&lt;p&gt;不过目前国外的该流派都死得差不多了，RequireJS 目前成为浏览器端模块的事实标准，国内最有名气的就是玉伯的 Sea.js ，不过对国际的推广力度不够。&lt;/p&gt;

&lt;ul&gt;
  &lt;li&gt;CMD Specification
    &lt;ul&gt;
      &lt;li&gt;&lt;a href=&quot;https://github.com/cmdjs/specification/blob/master/draft/module.md&quot;&gt;English (CMDJS-repo)&lt;/a&gt;&lt;/li&gt;
      &lt;li&gt;&lt;a href=&quot;https://github.com/seajs/seajs/issues/242&quot;&gt;Chinese (SeaJS-repo)&lt;/a&gt;&lt;/li&gt;
    &lt;/ul&gt;
  &lt;/li&gt;
&lt;/ul&gt;

&lt;p&gt;CMD 主要有 define, factory, require, export 这么几个东西&lt;/p&gt;

&lt;ul&gt;
  &lt;li&gt;define &lt;code class=&quot;language-plaintext highlighter-rouge&quot;&gt;define(id?, deps?, factory)&lt;/code&gt;&lt;/li&gt;
  &lt;li&gt;factory &lt;code class=&quot;language-plaintext highlighter-rouge&quot;&gt;factory(require, exports, module)&lt;/code&gt;&lt;/li&gt;
  &lt;li&gt;require &lt;code class=&quot;language-plaintext highlighter-rouge&quot;&gt;require(id)&lt;/code&gt;&lt;/li&gt;
  &lt;li&gt;exports &lt;code class=&quot;language-plaintext highlighter-rouge&quot;&gt;Object&lt;/code&gt;&lt;/li&gt;
&lt;/ul&gt;

&lt;p&gt;CMD 推荐的 Code Style 是使用 CommonJS 风格的 &lt;code class=&quot;language-plaintext highlighter-rouge&quot;&gt;require&lt;/code&gt;：&lt;/p&gt;

&lt;ul&gt;
  &lt;li&gt;这个 require 实际上是一个全局函数，用于加载模块，这里实际就是传入而已&lt;/li&gt;
&lt;/ul&gt;

&lt;div class=&quot;language-js highlighter-rouge&quot;&gt;&lt;div class=&quot;highlight&quot;&gt;&lt;pre class=&quot;highlight&quot;&gt;&lt;code&gt;&lt;span class=&quot;nf&quot;&gt;define&lt;/span&gt;&lt;span class=&quot;p&quot;&gt;(&lt;/span&gt;&lt;span class=&quot;kd&quot;&gt;function&lt;/span&gt;&lt;span class=&quot;p&quot;&gt;(&lt;/span&gt;&lt;span class=&quot;nx&quot;&gt;require&lt;/span&gt;&lt;span class=&quot;p&quot;&gt;,&lt;/span&gt; &lt;span class=&quot;nx&quot;&gt;exports&lt;/span&gt;&lt;span class=&quot;p&quot;&gt;)&lt;/span&gt; &lt;span class=&quot;p&quot;&gt;{&lt;/span&gt;

    &lt;span class=&quot;c1&quot;&gt;// 获取模块 a 的接口&lt;/span&gt;
    &lt;span class=&quot;kd&quot;&gt;var&lt;/span&gt; &lt;span class=&quot;nx&quot;&gt;a&lt;/span&gt; &lt;span class=&quot;o&quot;&gt;=&lt;/span&gt; &lt;span class=&quot;nf&quot;&gt;require&lt;/span&gt;&lt;span class=&quot;p&quot;&gt;(&lt;/span&gt;&lt;span class=&quot;dl&quot;&gt;&apos;&lt;/span&gt;&lt;span class=&quot;s1&quot;&gt;./a&lt;/span&gt;&lt;span class=&quot;dl&quot;&gt;&apos;&lt;/span&gt;&lt;span class=&quot;p&quot;&gt;);&lt;/span&gt;
    &lt;span class=&quot;c1&quot;&gt;// 调用模块 a 的方法&lt;/span&gt;
    &lt;span class=&quot;nx&quot;&gt;a&lt;/span&gt;&lt;span class=&quot;p&quot;&gt;.&lt;/span&gt;&lt;span class=&quot;nf&quot;&gt;doSomething&lt;/span&gt;&lt;span class=&quot;p&quot;&gt;();&lt;/span&gt;

    &lt;span class=&quot;c1&quot;&gt;// 对外提供 foo 属性&lt;/span&gt;
    &lt;span class=&quot;nx&quot;&gt;exports&lt;/span&gt;&lt;span class=&quot;p&quot;&gt;.&lt;/span&gt;&lt;span class=&quot;nx&quot;&gt;foo&lt;/span&gt; &lt;span class=&quot;o&quot;&gt;=&lt;/span&gt; &lt;span class=&quot;dl&quot;&gt;&apos;&lt;/span&gt;&lt;span class=&quot;s1&quot;&gt;bar&lt;/span&gt;&lt;span class=&quot;dl&quot;&gt;&apos;&lt;/span&gt;&lt;span class=&quot;p&quot;&gt;;&lt;/span&gt;
    &lt;span class=&quot;c1&quot;&gt;// 对外提供 doSomething 方法&lt;/span&gt;
    &lt;span class=&quot;nx&quot;&gt;exports&lt;/span&gt;&lt;span class=&quot;p&quot;&gt;.&lt;/span&gt;&lt;span class=&quot;nx&quot;&gt;doSomething&lt;/span&gt; &lt;span class=&quot;o&quot;&gt;=&lt;/span&gt; &lt;span class=&quot;kd&quot;&gt;function&lt;/span&gt;&lt;span class=&quot;p&quot;&gt;()&lt;/span&gt; &lt;span class=&quot;p&quot;&gt;{};&lt;/span&gt;

&lt;span class=&quot;p&quot;&gt;});&lt;/span&gt;
&lt;/code&gt;&lt;/pre&gt;&lt;/div&gt;&lt;/div&gt;

&lt;p&gt;但是你也可以使用 AMD 风格，或者使用 return 来进行模块暴露&lt;/p&gt;

&lt;div class=&quot;language-js highlighter-rouge&quot;&gt;&lt;div class=&quot;highlight&quot;&gt;&lt;pre class=&quot;highlight&quot;&gt;&lt;code&gt;&lt;span class=&quot;nf&quot;&gt;define&lt;/span&gt;&lt;span class=&quot;p&quot;&gt;(&lt;/span&gt;&lt;span class=&quot;dl&quot;&gt;&apos;&lt;/span&gt;&lt;span class=&quot;s1&quot;&gt;hello&lt;/span&gt;&lt;span class=&quot;dl&quot;&gt;&apos;&lt;/span&gt;&lt;span class=&quot;p&quot;&gt;,&lt;/span&gt; &lt;span class=&quot;p&quot;&gt;[&lt;/span&gt;&lt;span class=&quot;dl&quot;&gt;&apos;&lt;/span&gt;&lt;span class=&quot;s1&quot;&gt;jquery&lt;/span&gt;&lt;span class=&quot;dl&quot;&gt;&apos;&lt;/span&gt;&lt;span class=&quot;p&quot;&gt;],&lt;/span&gt; &lt;span class=&quot;kd&quot;&gt;function&lt;/span&gt;&lt;span class=&quot;p&quot;&gt;(&lt;/span&gt;&lt;span class=&quot;nx&quot;&gt;require&lt;/span&gt;&lt;span class=&quot;p&quot;&gt;,&lt;/span&gt; &lt;span class=&quot;nx&quot;&gt;exports&lt;/span&gt;&lt;span class=&quot;p&quot;&gt;,&lt;/span&gt; &lt;span class=&quot;nx&quot;&gt;module&lt;/span&gt;&lt;span class=&quot;p&quot;&gt;)&lt;/span&gt; &lt;span class=&quot;p&quot;&gt;{&lt;/span&gt;

    &lt;span class=&quot;c1&quot;&gt;// 模块代码...&lt;/span&gt;

    &lt;span class=&quot;c1&quot;&gt;// 直接通过 return 暴露接口&lt;/span&gt;
    &lt;span class=&quot;k&quot;&gt;return&lt;/span&gt; &lt;span class=&quot;p&quot;&gt;{&lt;/span&gt;
        &lt;span class=&quot;na&quot;&gt;foo&lt;/span&gt;&lt;span class=&quot;p&quot;&gt;:&lt;/span&gt; &lt;span class=&quot;dl&quot;&gt;&apos;&lt;/span&gt;&lt;span class=&quot;s1&quot;&gt;bar&lt;/span&gt;&lt;span class=&quot;dl&quot;&gt;&apos;&lt;/span&gt;&lt;span class=&quot;p&quot;&gt;,&lt;/span&gt;
        &lt;span class=&quot;na&quot;&gt;doSomething&lt;/span&gt;&lt;span class=&quot;p&quot;&gt;:&lt;/span&gt; &lt;span class=&quot;kd&quot;&gt;function&lt;/span&gt;&lt;span class=&quot;p&quot;&gt;()&lt;/span&gt; &lt;span class=&quot;p&quot;&gt;{}&lt;/span&gt;
    &lt;span class=&quot;p&quot;&gt;};&lt;/span&gt;

&lt;span class=&quot;p&quot;&gt;});&lt;/span&gt;
&lt;/code&gt;&lt;/pre&gt;&lt;/div&gt;&lt;/div&gt;

&lt;p&gt;Sea.js 借鉴了 RequireJS 的不少东西，比如将 FlyScript 中的 module.declare 改名为 define 等。Sea.js 更多地来自 Modules/2.0 的观点，但尽可能去掉了学院派的东西，加入了不少实战派的理念。&lt;/p&gt;

&lt;h2 id=&quot;amd-vs-cmd&quot;&gt;AMD vs CMD&lt;/h2&gt;

&lt;p&gt;&lt;strong&gt;虽然两者目前都兼容各种风格，但其底层原理并不相同，从其分别推荐的写法就可以看出两者背后原理的不同：&lt;/strong&gt;&lt;/p&gt;

&lt;ol&gt;
  &lt;li&gt;对于依赖的模块，AMD 是&lt;strong&gt;提前执行&lt;/strong&gt;，CMD 是&lt;strong&gt;懒执行&lt;/strong&gt;。（都是先加载）
    &lt;ul&gt;
      &lt;li&gt;CMD 推崇&lt;strong&gt;依赖就近&lt;/strong&gt;，AMD 推崇&lt;strong&gt;依赖前置&lt;/strong&gt;。&lt;/li&gt;
    &lt;/ul&gt;
  &lt;/li&gt;
&lt;/ol&gt;

&lt;p&gt;看代码：&lt;/p&gt;

&lt;div class=&quot;language-js highlighter-rouge&quot;&gt;&lt;div class=&quot;highlight&quot;&gt;&lt;pre class=&quot;highlight&quot;&gt;&lt;code&gt;&lt;span class=&quot;c1&quot;&gt;// AMD 默认推荐&lt;/span&gt;

&lt;span class=&quot;nf&quot;&gt;define&lt;/span&gt;&lt;span class=&quot;p&quot;&gt;([&lt;/span&gt;&lt;span class=&quot;dl&quot;&gt;&apos;&lt;/span&gt;&lt;span class=&quot;s1&quot;&gt;./a&lt;/span&gt;&lt;span class=&quot;dl&quot;&gt;&apos;&lt;/span&gt;&lt;span class=&quot;p&quot;&gt;,&lt;/span&gt; &lt;span class=&quot;dl&quot;&gt;&apos;&lt;/span&gt;&lt;span class=&quot;s1&quot;&gt;./b&lt;/span&gt;&lt;span class=&quot;dl&quot;&gt;&apos;&lt;/span&gt;&lt;span class=&quot;p&quot;&gt;],&lt;/span&gt; &lt;span class=&quot;kd&quot;&gt;function&lt;/span&gt;&lt;span class=&quot;p&quot;&gt;(&lt;/span&gt;&lt;span class=&quot;nx&quot;&gt;a&lt;/span&gt;&lt;span class=&quot;p&quot;&gt;,&lt;/span&gt; &lt;span class=&quot;nx&quot;&gt;b&lt;/span&gt;&lt;span class=&quot;p&quot;&gt;)&lt;/span&gt; &lt;span class=&quot;p&quot;&gt;{&lt;/span&gt;  &lt;span class=&quot;c1&quot;&gt;// 依赖前置，提前执行&lt;/span&gt;

    &lt;span class=&quot;nx&quot;&gt;a&lt;/span&gt;&lt;span class=&quot;p&quot;&gt;.&lt;/span&gt;&lt;span class=&quot;nf&quot;&gt;doSomething&lt;/span&gt;&lt;span class=&quot;p&quot;&gt;()&lt;/span&gt;
    &lt;span class=&quot;nx&quot;&gt;b&lt;/span&gt;&lt;span class=&quot;p&quot;&gt;.&lt;/span&gt;&lt;span class=&quot;nf&quot;&gt;doSomething&lt;/span&gt;&lt;span class=&quot;p&quot;&gt;()&lt;/span&gt;

&lt;span class=&quot;p&quot;&gt;})&lt;/span&gt;

&lt;/code&gt;&lt;/pre&gt;&lt;/div&gt;&lt;/div&gt;

&lt;div class=&quot;language-js highlighter-rouge&quot;&gt;&lt;div class=&quot;highlight&quot;&gt;&lt;pre class=&quot;highlight&quot;&gt;&lt;code&gt;&lt;span class=&quot;c1&quot;&gt;// CMD&lt;/span&gt;

&lt;span class=&quot;nf&quot;&gt;define&lt;/span&gt;&lt;span class=&quot;p&quot;&gt;(&lt;/span&gt;&lt;span class=&quot;kd&quot;&gt;function&lt;/span&gt;&lt;span class=&quot;p&quot;&gt;(&lt;/span&gt;&lt;span class=&quot;nx&quot;&gt;require&lt;/span&gt;&lt;span class=&quot;p&quot;&gt;,&lt;/span&gt; &lt;span class=&quot;nx&quot;&gt;exports&lt;/span&gt;&lt;span class=&quot;p&quot;&gt;,&lt;/span&gt; &lt;span class=&quot;nx&quot;&gt;module&lt;/span&gt;&lt;span class=&quot;p&quot;&gt;)&lt;/span&gt; &lt;span class=&quot;p&quot;&gt;{&lt;/span&gt;

    &lt;span class=&quot;kd&quot;&gt;var&lt;/span&gt; &lt;span class=&quot;nx&quot;&gt;a&lt;/span&gt; &lt;span class=&quot;o&quot;&gt;=&lt;/span&gt; &lt;span class=&quot;nf&quot;&gt;require&lt;/span&gt;&lt;span class=&quot;p&quot;&gt;(&lt;/span&gt;&lt;span class=&quot;dl&quot;&gt;&apos;&lt;/span&gt;&lt;span class=&quot;s1&quot;&gt;./a&lt;/span&gt;&lt;span class=&quot;dl&quot;&gt;&apos;&lt;/span&gt;&lt;span class=&quot;p&quot;&gt;)&lt;/span&gt;
    &lt;span class=&quot;nx&quot;&gt;a&lt;/span&gt;&lt;span class=&quot;p&quot;&gt;.&lt;/span&gt;&lt;span class=&quot;nf&quot;&gt;doSomething&lt;/span&gt;&lt;span class=&quot;p&quot;&gt;()&lt;/span&gt;

    &lt;span class=&quot;kd&quot;&gt;var&lt;/span&gt; &lt;span class=&quot;nx&quot;&gt;b&lt;/span&gt; &lt;span class=&quot;o&quot;&gt;=&lt;/span&gt; &lt;span class=&quot;nf&quot;&gt;require&lt;/span&gt;&lt;span class=&quot;p&quot;&gt;(&lt;/span&gt;&lt;span class=&quot;dl&quot;&gt;&apos;&lt;/span&gt;&lt;span class=&quot;s1&quot;&gt;./b&lt;/span&gt;&lt;span class=&quot;dl&quot;&gt;&apos;&lt;/span&gt;&lt;span class=&quot;p&quot;&gt;)&lt;/span&gt; &lt;span class=&quot;c1&quot;&gt;// 依赖就近，延迟执行&lt;/span&gt;
    &lt;span class=&quot;nx&quot;&gt;b&lt;/span&gt;&lt;span class=&quot;p&quot;&gt;.&lt;/span&gt;&lt;span class=&quot;nf&quot;&gt;doSomething&lt;/span&gt;&lt;span class=&quot;p&quot;&gt;()&lt;/span&gt;
&lt;span class=&quot;p&quot;&gt;})&lt;/span&gt;
&lt;/code&gt;&lt;/pre&gt;&lt;/div&gt;&lt;/div&gt;

&lt;h2 id=&quot;webpack&quot;&gt;WebPack&lt;/h2&gt;

&lt;blockquote&gt;
  &lt;p&gt;working…&lt;/p&gt;
&lt;/blockquote&gt;
</description>
        <pubDate>Mon, 25 May 2015 00:00:00 +0800</pubDate>
        <link>https://tvxl.top/2015/05/25/js-module-loader/</link>
        <guid isPermaLink="true">https://tvxl.top/2015/05/25/js-module-loader/</guid>
        
        <category>前端开发</category>
        
        <category>JavaScript</category>
        
        
      </item>
    
      <item>
        <title>Example Post</title>
        <description>&lt;blockquote&gt;
  &lt;p&gt;This document is not completed and will be updated anytime.&lt;/p&gt;
&lt;/blockquote&gt;

&lt;h2 id=&quot;catagory&quot;&gt;Catagory&lt;/h2&gt;

&lt;ol&gt;
  &lt;li&gt;&lt;a href=&quot;#unix&quot;&gt;Unix&lt;/a&gt;
    &lt;ol&gt;
      &lt;li&gt;&lt;a href=&quot;#bell-labs&quot;&gt;Bell Labs&lt;/a&gt;&lt;/li&gt;
      &lt;li&gt;&lt;a href=&quot;#xenix&quot;&gt;Xenix&lt;/a&gt;&lt;/li&gt;
      &lt;li&gt;&lt;a href=&quot;#bsd&quot;&gt;BSD&lt;/a&gt;&lt;/li&gt;
      &lt;li&gt;&lt;a href=&quot;#freebsd--apple&quot;&gt;FreeBSD &amp;amp; Apple&lt;/a&gt;&lt;/li&gt;
      &lt;li&gt;&lt;a href=&quot;#nextstep&quot;&gt;NeXTStep&lt;/a&gt;&lt;/li&gt;
      &lt;li&gt;&lt;a href=&quot;#darwin&quot;&gt;Darwin&lt;/a&gt;&lt;/li&gt;
      &lt;li&gt;&lt;a href=&quot;#posix&quot;&gt;POSIX&lt;/a&gt;&lt;/li&gt;
    &lt;/ol&gt;
  &lt;/li&gt;
  &lt;li&gt;&lt;a href=&quot;#unix-like&quot;&gt;Unix-like&lt;/a&gt;
    &lt;ol&gt;
      &lt;li&gt;&lt;a href=&quot;#single-unix-specification&quot;&gt;Single Unix Specification&lt;/a&gt;&lt;/li&gt;
      &lt;li&gt;&lt;a href=&quot;#apple-ios&quot;&gt;Apple iOS&lt;/a&gt;&lt;/li&gt;
      &lt;li&gt;&lt;a href=&quot;#xnu-kernel&quot;&gt;XNU Kernel&lt;/a&gt;&lt;/li&gt;
    &lt;/ol&gt;
  &lt;/li&gt;
  &lt;li&gt;&lt;a href=&quot;#linux&quot;&gt;Linux&lt;/a&gt;
    &lt;ol&gt;
      &lt;li&gt;&lt;a href=&quot;#linux-kernel&quot;&gt;Linux Kernel&lt;/a&gt;&lt;/li&gt;
      &lt;li&gt;&lt;a href=&quot;#gnu-project&quot;&gt;GNU Project&lt;/a&gt;&lt;/li&gt;
      &lt;li&gt;&lt;a href=&quot;#android&quot;&gt;Android&lt;/a&gt;&lt;/li&gt;
      &lt;li&gt;&lt;a href=&quot;#android-kernel&quot;&gt;Android Kernel&lt;/a&gt;&lt;/li&gt;
      &lt;li&gt;&lt;a href=&quot;#android-rom&quot;&gt;Android ROM&lt;/a&gt;&lt;/li&gt;
      &lt;li&gt;&lt;a href=&quot;#chrome-os&quot;&gt;Chrome OS&lt;/a&gt;&lt;/li&gt;
      &lt;li&gt;&lt;a href=&quot;#chromium-os&quot;&gt;Chromium OS&lt;/a&gt;&lt;/li&gt;
    &lt;/ol&gt;
  &lt;/li&gt;
&lt;/ol&gt;

&lt;hr /&gt;

&lt;h2 id=&quot;unix&quot;&gt;Unix&lt;/h2&gt;

&lt;blockquote&gt;
  &lt;p&gt;Unix is a &lt;strong&gt;family&lt;/strong&gt; of multitasking, multiuser computer OS.&lt;/p&gt;
&lt;/blockquote&gt;

&lt;p&gt;Derive from the original &lt;strong&gt;AT&amp;amp;T Unix&lt;/strong&gt;, Developed in the 1970s at &lt;strong&gt;Bell Labs&lt;/strong&gt; (贝尔实验室), initially intended for use inside the &lt;strong&gt;Bell System&lt;/strong&gt;.&lt;/p&gt;

&lt;ul&gt;
  &lt;li&gt;
    &lt;h4 id=&quot;bell-labs&quot;&gt;Bell Labs&lt;/h4&gt;
    &lt;p&gt;Bell 和 AT&amp;amp;A 在那时已经是一家了，可以看到那时的通信公司真是一线 IT 公司呢。
&lt;strong&gt;C 语言也是 Bell Labs 的产物&lt;/strong&gt;，从一开始就是为了用于 Unix 而设计出来的。所以 Unix （在 73 年用 C 重写）在高校流行后，C 语言也获得了广泛支持。&lt;/p&gt;
  &lt;/li&gt;
&lt;/ul&gt;

&lt;p&gt;AT&amp;amp;T licensed Unix to outside parties(第三方) from the late 1970s, leading to a variety of both &lt;strong&gt;academic&lt;/strong&gt; (最有有名的 BSD ) and &lt;strong&gt;commercial&lt;/strong&gt; (Microsoft Xenix, IBM AIX, SunOS Solaris)&lt;/p&gt;

&lt;ul&gt;
  &lt;li&gt;
    &lt;h4 id=&quot;xenix&quot;&gt;Xenix&lt;/h4&gt;
    &lt;p&gt;微软 1979 年从 AT&amp;amp;A 授权来的 Unix OS，配合着 x86 成为当时最受欢迎的 Unix 发行版。后来 M$ 和 IBM 合作开发 OS/2 操作系统后放弃，后来最终转向 &lt;strong&gt;Windows NT&lt;/strong&gt;。&lt;/p&gt;
  &lt;/li&gt;
  &lt;li&gt;
    &lt;h4 id=&quot;bsd&quot;&gt;BSD&lt;/h4&gt;
    &lt;p&gt;&lt;strong&gt;Barkeley Software Distribution&lt;/strong&gt;, also called Berkeley Unix. Today the term “BSD” is used to refer to any of the BSD descendants(后代) which together form a branch of the family of Unix-like OS.(共同组成了一个分支)&lt;/p&gt;
    &lt;ul&gt;
      &lt;li&gt;&lt;strong&gt;BSD 最大的贡献是在 BSD 中率先增加了虚拟存储器和 Internet 协议&lt;/strong&gt;，其 TCP/IP(IPv4 only) 代码仍然在现代 OS 上使用（ Microsoft Windows and most of the foundation of Apple’s OS X and iOS ）&lt;/li&gt;
      &lt;li&gt;BSD 后来发展出了众多开源后代，包括 FreeBSD, OpenBSD, NetBSD 等等……很多闭源的 vendor Unix 也都从 BSD 衍生而来。&lt;/li&gt;
    &lt;/ul&gt;
  &lt;/li&gt;
  &lt;li&gt;
    &lt;h4 id=&quot;freebsd--apple&quot;&gt;FreeBSD &amp;amp; Apple&lt;/h4&gt;
    &lt;p&gt;FreeBSD 不但是 Open Source BSD 中占有率最高的，还直接影响了 Apple Inc : NeXT Computer 的团队在 FreeBSD 上衍生出了 NeXTSTEP 操作系统，这货后来在 Apple 时期演化成了 &lt;strong&gt;Darwin&lt;/strong&gt; ，这个“达尔文”居然还是个开源系统，而且是 the Core of &lt;strong&gt;Mac OS X&lt;/strong&gt; and &lt;strong&gt;iOS&lt;/strong&gt;.&lt;/p&gt;
  &lt;/li&gt;
  &lt;li&gt;
    &lt;h4 id=&quot;nextstep&quot;&gt;NeXTSTEP&lt;/h4&gt;
    &lt;p&gt;An &lt;strong&gt;object-oriented&lt;/strong&gt;, multitasking OS. Low-level C but High-level OC language and runtime the first time, combined with an &lt;strong&gt;OO aplication layer&lt;/strong&gt; and including several “kits”.  &lt;br /&gt;
大家都知道 NeXT 是 Steve Jobs 被 forced out of Apple 后和 a few of his coworkers 创办的，所以 &lt;strong&gt;NeXTSTEP 绝对是证明 Jobs 实力的作品。&lt;/strong&gt;&lt;/p&gt;
  &lt;/li&gt;
  &lt;li&gt;
    &lt;h4 id=&quot;darwin&quot;&gt;Darwin&lt;/h4&gt;
    &lt;p&gt;&lt;a href=&quot;http://en.wikipedia.org/wiki/Darwin_(operating_system\)&quot;&gt;Darwin&lt;/a&gt;, the core set of components upon which Mac OS X and iOS based, mostly POSIX compatible, but has never, by itself, been certified as being compatible with any version of &lt;strong&gt;POSIX&lt;/strong&gt;. (OS X, since Leopard, has been certified as compatible with the Single UNIX Specification version 3)&lt;br /&gt;
&lt;strong&gt;所以说 Mac OS X 算是很正统 Unix 的了&lt;/strong&gt;&lt;/p&gt;
  &lt;/li&gt;
  &lt;li&gt;
    &lt;h4 id=&quot;posix&quot;&gt;POSIX&lt;/h4&gt;
    &lt;p&gt;可移植操作系统接口, Portable Operating System Interface, is a family of standards specified by the IEEE from maintaining compatibility between OS, defines the API along with Command Line Shells and utility interfaces, for software comaptibility with variants of Unix and other OS.&lt;/p&gt;
    &lt;ul&gt;
      &lt;li&gt;Fully POSIX compliant:
        &lt;ul&gt;
          &lt;li&gt;OS X&lt;/li&gt;
          &lt;li&gt;QNX OS (BlackBerry)&lt;/li&gt;
        &lt;/ul&gt;
      &lt;/li&gt;
      &lt;li&gt;Mostly complicant:
        &lt;ul&gt;
          &lt;li&gt;Linux&lt;/li&gt;
          &lt;li&gt;OpenBSD/FreeBSD&lt;/li&gt;
          &lt;li&gt;Darwin (Core of &lt;strong&gt;iOS&lt;/strong&gt; &amp;amp; OS X)&lt;/li&gt;
          &lt;li&gt;&lt;strong&gt;Android&lt;/strong&gt;&lt;/li&gt;
        &lt;/ul&gt;
      &lt;/li&gt;
      &lt;li&gt;Complicant via compatibility feature （通过兼容功能实现兼容）
        &lt;ul&gt;
          &lt;li&gt;Windows NT Kernel
            &lt;ul&gt;
              &lt;li&gt;Windows Server 2000, 2003, 2008, 2008 R2, 2012&lt;/li&gt;
            &lt;/ul&gt;
          &lt;/li&gt;
          &lt;li&gt;Symbian OS (with PIPS)
            &lt;ul&gt;
              &lt;li&gt;Symbian was a closed-source OS.&lt;/li&gt;
            &lt;/ul&gt;
          &lt;/li&gt;
        &lt;/ul&gt;
      &lt;/li&gt;
    &lt;/ul&gt;
  &lt;/li&gt;
&lt;/ul&gt;

&lt;hr /&gt;

&lt;h2 id=&quot;unix-like&quot;&gt;Unix-like&lt;/h2&gt;

&lt;blockquote&gt;
  &lt;p&gt;A Unix-like (sometimes referred to as UN*X or *nix) operating system is one that behaves in a manner similar to a Unix system, while not necessarily conforming to or being certified to any version of the &lt;strong&gt;Single UNIX Specification&lt;/strong&gt;.&lt;/p&gt;
&lt;/blockquote&gt;

&lt;p&gt;There is no standard for defining the term.&lt;br /&gt;
其实 Unix-like 是个相对模糊的概念：&lt;/p&gt;

&lt;ul&gt;
  &lt;li&gt;最狭义的 Unix 单指 Bell Labs’s Unix&lt;/li&gt;
  &lt;li&gt;稍广义的 Unix 指代所有 Licensed Unix, 即通过了 SUS 的 Unix-like ，比如 OS X&lt;/li&gt;
  &lt;li&gt;最广义的 Unix 即所有 Unix-like 系统，无论它是否通过过任何 SUS，包括 Linux，BSD Family 等&lt;/li&gt;
&lt;/ul&gt;

&lt;h4 id=&quot;single-unix-specification&quot;&gt;Single UNIX Specification&lt;/h4&gt;
&lt;p&gt;The Single UNIX Specification (SUS) is the collective name of a family of standards for computer OS, compliance with which is required to &lt;strong&gt;qualify for the name “Unix”&lt;/strong&gt;, like &lt;strong&gt;POSIX&lt;/strong&gt;.&lt;/p&gt;

&lt;h4 id=&quot;apple-ios&quot;&gt;Apple iOS&lt;/h4&gt;
&lt;p&gt;iOS is a &lt;strong&gt;Unix-like OS based on Darwin(BSD)&lt;/strong&gt; and OS X, which share some frameworks including Core Foundation, Founadtion and the Darwin foundation with OS X, but, Unix-like shell access is not avaliable for users and restricted for apps, &lt;strong&gt;making iOS not fully Unix-compatible either.&lt;/strong&gt;&lt;/p&gt;

&lt;p&gt;The iOS kernal is &lt;strong&gt;XNU&lt;/strong&gt;, the kernal of Darwin.&lt;/p&gt;

&lt;h4 id=&quot;xnu-kernel&quot;&gt;XNU Kernel&lt;/h4&gt;
&lt;p&gt;XNU, the acronym(首字母缩写) for &lt;strong&gt;&lt;em&gt;X is Not Unix&lt;/em&gt;&lt;/strong&gt;, which is the &lt;strong&gt;Computer OS Kernel&lt;/strong&gt; developed at Apple Inc since Dec 1996 for use in the Mac OS X and released as free open source software as part of Darwin.&lt;/p&gt;

&lt;hr /&gt;

&lt;h2 id=&quot;linux&quot;&gt;Linux&lt;/h2&gt;

&lt;blockquote&gt;
  &lt;p&gt;Linux is a Unix-like and mostly POSIX-compliant computer OS.&lt;/p&gt;
&lt;/blockquote&gt;

&lt;p&gt;&lt;img src=&quot;http://upload.wikimedia.org/wikipedia/commons/thumb/c/cd/Unix_timeline.en.svg/800px-Unix_timeline.en.svg.png&quot; alt=&quot;Unix_timeline&quot; /&gt;&lt;/p&gt;

&lt;h4 id=&quot;linux-kernel&quot;&gt;Linux Kernel&lt;/h4&gt;

&lt;p&gt;严格来讲，术语 Linux 只表示 &lt;a href=&quot;http://en.wikipedia.org/wiki/Linux_kernel&quot;&gt;Linux Kernel&lt;/a&gt; 操作系统内核本身，比如说 Android is Based on Linux (Kernel). Linus 编写的也只是这一部分，一个免费的 Unix-like Kernel，并不属于 GNU Project 的一部分。&lt;/p&gt;

&lt;p&gt;但通常把 Linux 作为 Linux Kernel 与大量配合使用的 GNU Project Software Kit (包括 Bash, Lib, Compiler, 以及后期的 GUI etc) 所组合成的 OS 的统称。（包括各类 Distribution 发行版）&lt;/p&gt;

&lt;p&gt;这类操作系统也被称为 &lt;strong&gt;GNU/Linux&lt;/strong&gt;&lt;/p&gt;

&lt;h4 id=&quot;gnu-project&quot;&gt;GNU Project&lt;/h4&gt;

&lt;p&gt;The GNU Project is a &lt;strong&gt;free software, mass collaboration&lt;/strong&gt; project, which based on the following freedom rights:&lt;/p&gt;

&lt;ul&gt;
  &lt;li&gt;Users are free to run the software, share (copy, distribute), study and modify it.&lt;/li&gt;
  &lt;li&gt;GNU software guarantees these freedom-rights legally (via its license).&lt;/li&gt;
  &lt;li&gt;So it is not only FREE but, more important, FREEDOM.&lt;/li&gt;
&lt;/ul&gt;

&lt;p&gt;In order to ensure that the &lt;em&gt;entire&lt;/em&gt; software of a computer grants its users all freedom rights (use, share, study, modify), even the most fundamental and important part, &lt;strong&gt;the operating system&lt;/strong&gt;, needed to be written.&lt;/p&gt;

&lt;p&gt;This OS is decided to called &lt;strong&gt;GNU (a recursive acronym meaning “GNU is not Unix”)&lt;/strong&gt;. By 1992, the GNU Project had completed all of the major OS components except for their kernel, &lt;em&gt;GNU Hurd&lt;/em&gt;.&lt;/p&gt;

&lt;p&gt;With the release of the third-party &lt;strong&gt;Linux Kernel&lt;/strong&gt;, started independently by &lt;em&gt;Linus Torvalds&lt;/em&gt; in 1991 and released under the GPLv0.12 in 1992, for the first time it was possible to run an OS &lt;strong&gt;composed completely of free software&lt;/strong&gt;.&lt;/p&gt;

&lt;p&gt;Though the Linux kernel is not part of the GNU project, it was developed using GCC and other GNU programming tools and was released as free software under the GPL.&lt;/p&gt;

&lt;p&gt;Anyway, there eventually comes to the &lt;strong&gt;GNU/Linux&lt;/strong&gt;&lt;/p&gt;

&lt;ul&gt;
  &lt;li&gt;&lt;strong&gt;GPL&lt;/strong&gt;: GNU General Public License&lt;/li&gt;
  &lt;li&gt;&lt;strong&gt;GCC&lt;/strong&gt;: GNU Compiler Collection&lt;/li&gt;
&lt;/ul&gt;

&lt;p&gt;其他与 GPL 相关的自由/开源软件公共许可证：&lt;/p&gt;

&lt;ul&gt;
  &lt;li&gt;&lt;a href=&quot;http://en.wikipedia.org/wiki/Mozilla_Public_License&quot;&gt;Mozilla Public License&lt;/a&gt;&lt;/li&gt;
  &lt;li&gt;&lt;a href=&quot;http://en.wikipedia.org/wiki/MIT_License&quot;&gt;MIT License&lt;/a&gt;&lt;/li&gt;
  &lt;li&gt;&lt;a href=&quot;http://en.wikipedia.org/wiki/BSD_licenses&quot;&gt;BSD Public License&lt;/a&gt;
    &lt;ul&gt;
      &lt;li&gt;GPL 强制后续版本必须是自由软件，而 BSD 的后续可以选择继续开源或者封闭&lt;/li&gt;
    &lt;/ul&gt;
  &lt;/li&gt;
  &lt;li&gt;&lt;a href=&quot;http://en.wikipedia.org/wiki/Apache_License&quot;&gt;Apache License&lt;/a&gt;&lt;/li&gt;
&lt;/ul&gt;

&lt;p&gt;&lt;img src=&quot;http://dl2.iteye.com/upload/attachment/0047/4142/d770c85a-49b7-3c7f-8ae2-cbb6451e00d8.png&quot; alt=&quot;Public License&quot; /&gt;&lt;/p&gt;

&lt;h4 id=&quot;android&quot;&gt;Android&lt;/h4&gt;

&lt;p&gt;Android is a mobile OS based on &lt;strong&gt;Linux Kernel&lt;/strong&gt;, so it’s definitely &lt;strong&gt;Unix-like&lt;/strong&gt;.&lt;/p&gt;

&lt;p&gt;&lt;strong&gt;Linux is under GPL so Android has to be open source&lt;/strong&gt;.
Android’s source code is released by Google under open source licenses, although most Android devices ultimately ship with a combination of open source and proprietary software, including proprietary software developed and licensed by Google &lt;em&gt;(GMS are all proprietary)&lt;/em&gt;&lt;/p&gt;

&lt;h4 id=&quot;android-kernel&quot;&gt;Android Kernel&lt;/h4&gt;

&lt;p&gt;Android’s kernel is based on one of the Linux kernel’s long-term support (LTS) branches.&lt;/p&gt;

&lt;p&gt;&lt;strong&gt;Android’s variant of the Linux kernel&lt;/strong&gt; has further architectural changes that are implemented by Google outside the typical Linux kernel development cycle, and, certain features that Google contributed back to the Linux kernel. Google maintains a public code repo that contains their experimental work to re-base Android off the latest stable Linux versions.&lt;/p&gt;

&lt;p&gt;Android Kernel 大概是 Linux Kernel 最得意的分支了，Android 也是 Linux 最流行的发行版。不过，也有一些 Google 工程师认为 Android is not Linux in the traditional Unix-like Linux distribution sense. 总之这类东西就算有各种协议也还是很难说清楚，在我理解里 Android Kernel 大概就是 fork Linux Kernel 之后改动和定制比较深的例子。&lt;/p&gt;

&lt;h4 id=&quot;android-rom&quot;&gt;Android ROM&lt;/h4&gt;

&lt;p&gt;既然提到 Android 就不得不提提 Android ROM&lt;/p&gt;

&lt;p&gt;ROM 的本义实际上是只读内存：&lt;/p&gt;

&lt;p&gt;&lt;strong&gt;Read-only memory&lt;/strong&gt; (ROM) is a class of storage medium used in computers and other electronic devices. Data stored in ROM can only be modified slowly, with difficulty, or not at all, so it is &lt;strong&gt;mainly used to distribute firmware (固件)&lt;/strong&gt; (software that is very closely tied to specific hardware, and unlikely to need frequent updates).&lt;/p&gt;

&lt;p&gt;ROM 在发展的过程中不断进化，从只读演变成了可编程可擦除，并最终演化成了 Flash&lt;/p&gt;

&lt;ul&gt;
  &lt;li&gt;PROM (Programmable read-only memory)&lt;/li&gt;
  &lt;li&gt;EPROM (Erasable programmable read-only memory)&lt;/li&gt;
  &lt;li&gt;EEPROM (Electrically erasable programmable read-only memory)
    &lt;ul&gt;
      &lt;li&gt;Flash memory (闪存)&lt;/li&gt;
    &lt;/ul&gt;
  &lt;/li&gt;
&lt;/ul&gt;

&lt;p&gt;Flash 的出现是历史性的，它不但可以作为 ROM 使用，又因其极高的读写速度和稳定性，先后发展成为U盘（USB flash drives）、移动设备主要内置存储，和虐机械硬盘几条街的固态硬盘（SSD），可以说这货基本统一了高端存储市场的技术规格。&lt;/p&gt;

&lt;p&gt;所以我们平时习惯说的 ROM 其实还是来源于老单片机时代，那时的 ROM 真的是写了就很难（需要上电复位）、甚至无法修改，所以那时往 ROM 里烧下去的程序就被称作 firmware ，固件。久而久之，虽然技术发展了，固件仍然指代那些不常需要更新的软件，而 ROM 这个词也就这么沿用下来了。&lt;/p&gt;

&lt;p&gt;所以在 wiki 里是没有 Android ROM 这个词条的，只有 &lt;a href=&quot;http://en.wikipedia.org/wiki/List_of_custom_Android_firmwares&quot;&gt;List of custom Android firmwares&lt;/a&gt;&lt;/p&gt;

&lt;blockquote&gt;
  &lt;p&gt;A custom firmware, also known as a custom ROM, ROM, or custom OS, is an aftermarket distribution of the Android operating system. They are based on the Android Open Source Project (AOSP), hence most are open-sourced releases, unlike proprietary modifications by device manufacturers.&lt;/p&gt;
&lt;/blockquote&gt;

&lt;p&gt;各类 Android ROM 在 Android 词类下也都是属于 &lt;strong&gt;Forks and distributions&lt;/strong&gt; 一类的。&lt;/p&gt;

&lt;p&gt;所以我说，其实各类 Android ROM 也好，fork Android 之流的 YunOS、FireOS 也好，改了多少东西，碰到多深的 codebase ……&lt;strong&gt;其实 ROM 和 Distribution OS 的界限是很模糊的&lt;/strong&gt;，为什么 Android 就不可以是移动时代的 Linux ，为什么 Devlik/ART 就不能是移动时代的 GCC 呢？&lt;/p&gt;

&lt;h4 id=&quot;chrome-os&quot;&gt;Chrome OS&lt;/h4&gt;

&lt;p&gt;Chrome OS is an operating system based on the &lt;strong&gt;Linux kernel&lt;/strong&gt; and designed by Google to work with web applications and installed applications.&lt;/p&gt;

&lt;p&gt;虽然目前只是个 Web Thin Client OS ，但是 RoadMap 非常酷……&lt;/p&gt;

&lt;ul&gt;
  &lt;li&gt;&lt;strong&gt;Chrome Packaged Application&lt;/strong&gt; (Support working offline and installed)&lt;/li&gt;
  &lt;li&gt;&lt;strong&gt;Android App Runtime&lt;/strong&gt; (run Android applications natively…fxxking awesome)&lt;/li&gt;
&lt;/ul&gt;

&lt;p&gt;平复一下激动的心情，还是回到正题来：&lt;/p&gt;

&lt;h4 id=&quot;chromium-os&quot;&gt;Chromium OS&lt;/h4&gt;

&lt;p&gt;Chrome OS is based on Chromium OS, which is the open-source development version of Chrome OS, which is a &lt;strong&gt;Linux distribution&lt;/strong&gt; designed by Google.&lt;/p&gt;

&lt;p&gt;For Detail, Chromium OS based on &lt;a href=&quot;http://en.wikipedia.org/wiki/Gentoo_Linux&quot;&gt;Gentoo Linux&lt;/a&gt;, emm…&lt;/p&gt;
</description>
        <pubDate>Tue, 14 Apr 2015 00:00:00 +0800</pubDate>
        <link>https://tvxl.top/2015/04/14/unix-linux-note/</link>
        <guid isPermaLink="true">https://tvxl.top/2015/04/14/unix-linux-note/</guid>
        
        <category>OS</category>
        
        <category>Unix</category>
        
        <category>Linux</category>
        
        
      </item>
    
      <item>
        <title>Welcome to Hux Blog</title>
        <description>&lt;blockquote&gt;
  &lt;p&gt;“Yeah It’s on. ”&lt;/p&gt;
&lt;/blockquote&gt;

&lt;h2 id=&quot;前言&quot;&gt;前言&lt;/h2&gt;

&lt;p&gt;Hux 的 Blog 就这么开通了。&lt;/p&gt;

&lt;p&gt;&lt;a href=&quot;#build&quot;&gt;跳过废话，直接看技术实现 &lt;/a&gt;&lt;/p&gt;

&lt;p&gt;2015 年，Hux 总算有个地方可以好好写点东西了。&lt;/p&gt;

&lt;p&gt;作为一个程序员， Blog 这种轮子要是挂在大众博客程序上就太没意思了。一是觉得大部分 Blog 服务都太丑，二是觉得不能随便定制不好玩。之前因为太懒没有折腾，结果就一直连个写 Blog 的地儿都没有。&lt;/p&gt;

&lt;p&gt;在玩了一段时间知乎之后，答题的快感又激起了我开博客的冲动。之前的&lt;a href=&quot;http://huangxuan.me/portfolio&quot;&gt;个人网站&lt;/a&gt;是作品集形式的（现在集成进来了），并不适合用来写博文，一不做二不休，花一天搞一个吧！&lt;/p&gt;

&lt;p id=&quot;build&quot;&gt;&lt;/p&gt;
&lt;hr /&gt;

&lt;h2 id=&quot;正文&quot;&gt;正文&lt;/h2&gt;

&lt;p&gt;接下来说说搭建这个博客的技术细节。&lt;/p&gt;

&lt;p&gt;正好之前就有关注过 &lt;a href=&quot;https://pages.github.com/&quot;&gt;GitHub Pages&lt;/a&gt; + &lt;a href=&quot;http://jekyllrb.com/&quot;&gt;Jekyll&lt;/a&gt; 快速 Building Blog 的技术方案，非常轻松时尚。&lt;/p&gt;

&lt;p&gt;其优点非常明显：&lt;/p&gt;

&lt;ul&gt;
  &lt;li&gt;&lt;strong&gt;Markdown&lt;/strong&gt; 带来的优雅写作体验&lt;/li&gt;
  &lt;li&gt;非常熟悉的 Git workflow ，&lt;strong&gt;Git Commit 即 Blog Post&lt;/strong&gt;&lt;/li&gt;
  &lt;li&gt;利用 GitHub Pages 的域名和免费无限空间，不用自己折腾主机
    &lt;ul&gt;
      &lt;li&gt;如果需要自定义域名，也只需要简单改改 DNS 加个 CNAME 就好了&lt;/li&gt;
    &lt;/ul&gt;
  &lt;/li&gt;
  &lt;li&gt;Jekyll 的自定制非常容易，基本就是个模版引擎&lt;/li&gt;
&lt;/ul&gt;

&lt;p&gt;本来觉得最大的缺点可能是 GitHub 在国内访问起来太慢，所以第二天一起床就到 GitCafe(Chinese GitHub Copy) 迁移了一个&lt;a href=&quot;http://huxpro.gitcafe.io&quot;&gt;镜像&lt;/a&gt;出来，结果还是巨慢。&lt;/p&gt;

&lt;p&gt;哥哥可是个前端好嘛！ 果断开 Chrome DevTool 查了下网络请求，原来是 &lt;strong&gt;pending 在了 Google Fonts&lt;/strong&gt; 上，页面渲染一直被阻塞到请求超时为止，难怪这么慢。&lt;br /&gt;
忍痛割爱，只好把 Web Fonts 去了（反正超时看到的也只能是 fallback ），果然一下就正常了，而且 GitHub 和 GitCafe 对比并没有感受到明显的速度差异，虽然 github 的 ping 值明显要高一些，达到了 300ms，于是用 DNSPOD 优化了一下速度。&lt;/p&gt;

&lt;hr /&gt;

&lt;p&gt;配置的过程中也没遇到什么坑，基本就是 Git 的流程，相当顺手&lt;/p&gt;

&lt;p&gt;大的 Jekyll 主题上直接 fork 了 Clean Blog（这个主题也相当有名，就不多赘述了。唯一的缺点大概就是没有标签支持，于是我给它补上了。）&lt;/p&gt;

&lt;p&gt;本地调试环境需要 &lt;code class=&quot;language-plaintext highlighter-rouge&quot;&gt;gem install jekyll&lt;/code&gt;，结果 rubygem 的源居然被墙了……后来手动改成了我大淘宝的镜像源才成功&lt;/p&gt;

&lt;p&gt;Theme 的 CSS 是基于 Bootstrap 定制的，看得不爽的地方直接在 Less 里改就好了（平时更习惯 SCSS 些），&lt;strong&gt;不过其实我一直觉得 Bootstrap 在移动端的体验做得相当一般，比我在淘宝参与的团队 CSS 框架差多了……&lt;/strong&gt;所以为了体验，也补了不少 CSS 进去&lt;/p&gt;

&lt;p&gt;最后就进入了耗时反而最长的&lt;strong&gt;做图、写字&lt;/strong&gt;阶段，也算是进入了&lt;strong&gt;写博客&lt;/strong&gt;的正轨，因为是类似 Hack Day 的方式去搭这个站的，所以折腾折腾着大半夜就过去了。&lt;/p&gt;

&lt;p&gt;第二天考虑中文字体的渲染，fork 了 &lt;a href=&quot;http://www.typeisbeautiful.com/&quot;&gt;Type is Beautiful&lt;/a&gt; 的 &lt;code class=&quot;language-plaintext highlighter-rouge&quot;&gt;font&lt;/code&gt; CSS，调整了字号，适配了 Win 的渣渲染，中英文混排效果好多了。&lt;/p&gt;

&lt;h2 id=&quot;后记&quot;&gt;后记&lt;/h2&gt;

&lt;p&gt;回顾这个博客的诞生，纯粹是出于个人兴趣。在知乎相关问题上回答并获得一定的 star 后，我决定把这个博客主题当作一个小小的开源项目来维护。&lt;/p&gt;

&lt;p&gt;在经历 v1.0 - v1.5 的蜕变后，这个博客主题愈发完整，不但增加了诸多 UI 层的优化（opinionated）；在代码层面，更加丰富的配置项也使得这个主题拥有了更好的灵活性与可拓展性。而作为一个开源项目，我也积极的为其完善文档与解决 issue。&lt;/p&gt;

&lt;p&gt;如果你恰好逛到了这里，希望你也能喜欢这个博客主题。&lt;/p&gt;

&lt;p&gt;—— Hux 后记于 2015.10&lt;/p&gt;
</description>
        <pubDate>Thu, 29 Jan 2015 20:00:00 +0800</pubDate>
        <link>https://tvxl.top/2015/01/29/hello-2015/</link>
        <guid isPermaLink="true">https://tvxl.top/2015/01/29/hello-2015/</guid>
        
        <category>生活</category>
        
        
      </item>
    
  </channel>
</rss>
